dataset,model,WQL,MASE,win_rate,n_valid_mase,n_series,elapsed_s,forecast_s,metric_s,vis_s
phihigh_shall_gpfull_s00_c512h1024,chronos-2:autogluon/chronos-2,0.7785216605291071,0.9663142840235928,0.6123046875,1024,256,2.9,2.64,0.23,0.0
phihigh_shall_gpfull_s00_c512h16,chronos-2:autogluon/chronos-2,0.3316266463933558,0.3196374881608449,1.0,1024,256,2.9,2.65,0.02,0.0
phihigh_shall_gpfull_s00_c512h256,chronos-2:autogluon/chronos-2,0.575798352507195,0.7315512322293249,0.7724609375,1024,256,1.6,1.44,0.07,0.0
phihigh_shall_gpfull_s00_c512h64,chronos-2:autogluon/chronos-2,0.35185350621679184,0.38648422961187245,0.9775390625,1024,256,0.9,0.83,0.03,0.0
phihigh_shall_gpfull_s01_c512h1024,chronos-2:autogluon/chronos-2,0.779691841985691,0.9592664107858803,0.64453125,1024,256,2.8,2.49,0.23,0.0
phihigh_shall_gpfull_s01_c512h16,chronos-2:autogluon/chronos-2,0.3347575723218202,0.31097533204818395,0.9990234375,1024,256,0.8,0.75,0.01,0.0
phihigh_shall_gpfull_s01_c512h256,chronos-2:autogluon/chronos-2,0.5686706012312658,0.6939627454496573,0.8095703125,1024,256,1.4,1.34,0.07,0.0
phihigh_shall_gpfull_s01_c512h64,chronos-2:autogluon/chronos-2,0.3604756696762146,0.387517318758119,0.9716796875,1024,256,0.9,0.84,0.02,0.0
phihigh_shall_gpfull_s02_c512h1024,chronos-2:autogluon/chronos-2,0.7924123820565754,0.9876568450654599,0.6005859375,1024,256,3.1,2.78,0.23,0.0
phihigh_shall_gpfull_s02_c512h16,chronos-2:autogluon/chronos-2,0.3377450323118837,0.31951491006293653,0.9951171875,1024,256,0.8,0.76,0.01,0.0
phihigh_shall_gpfull_s02_c512h256,chronos-2:autogluon/chronos-2,0.5891498264456801,0.7463961859974548,0.7646484375,1024,256,1.3,1.18,0.06,0.0
phihigh_shall_gpfull_s02_c512h64,chronos-2:autogluon/chronos-2,0.3642152310780771,0.402094728057235,0.966796875,1024,256,0.9,0.83,0.02,0.0
phihigh_shall_gpfull_s03_c512h1024,chronos-2:autogluon/chronos-2,0.7890240737768848,0.9928720500399377,0.6181640625,1024,256,2.5,2.26,0.17,0.0
phihigh_shall_gpfull_s03_c512h16,chronos-2:autogluon/chronos-2,0.3439068502762739,0.3261713700116674,0.9990234375,1024,256,0.8,0.75,0.01,0.0
phihigh_shall_gpfull_s03_c512h256,chronos-2:autogluon/chronos-2,0.5872616171672866,0.7507352940733625,0.7548828125,1024,256,1.4,1.31,0.04,0.0
phihigh_shall_gpfull_s03_c512h64,chronos-2:autogluon/chronos-2,0.3718746663020954,0.4111130027132762,0.9638671875,1024,256,0.9,0.82,0.01,0.0
phihigh_shall_gpfull_s04_c512h1024,chronos-2:autogluon/chronos-2,0.7838116757543163,0.9728500997358088,0.6279296875,1024,256,2.5,2.25,0.17,0.0
phihigh_shall_gpfull_s04_c512h16,chronos-2:autogluon/chronos-2,0.33418816495254633,0.31915805427672156,0.9990234375,1024,256,0.8,0.75,0.01,0.0
phihigh_shall_gpfull_s04_c512h256,chronos-2:autogluon/chronos-2,0.5740558550423749,0.7127218468320287,0.7744140625,1024,256,1.3,1.23,0.04,0.0
phihigh_shall_gpfull_s04_c512h64,chronos-2:autogluon/chronos-2,0.35904435671269447,0.3885657859922555,0.9794921875,1024,256,0.9,0.83,0.01,0.0
phihigh_shall_gpfull_s05_c512h1024,chronos-2:autogluon/chronos-2,0.7798263355501531,0.9859447871181704,0.599609375,1024,256,4.0,3.78,0.15,0.0
phihigh_shall_gpfull_s05_c512h16,chronos-2:autogluon/chronos-2,0.32605225263281595,0.31635200232825816,1.0,1024,256,0.8,0.76,0.01,0.0
phihigh_shall_gpfull_s05_c512h256,chronos-2:autogluon/chronos-2,0.5661965670621405,0.7139948245536275,0.7744140625,1024,256,1.2,1.13,0.04,0.0
phihigh_shall_gpfull_s05_c512h64,chronos-2:autogluon/chronos-2,0.3494581529624158,0.39010784823503214,0.97265625,1024,256,0.9,0.83,0.02,0.0
phihigh_shall_gpfull_s06_c512h1024,chronos-2:autogluon/chronos-2,0.7895795248051016,0.972509477760501,0.61328125,1024,256,2.5,2.31,0.15,0.0
phihigh_shall_gpfull_s06_c512h16,chronos-2:autogluon/chronos-2,0.3358471771311511,0.31658496628579313,1.0,1024,256,0.8,0.75,0.01,0.0
phihigh_shall_gpfull_s06_c512h256,chronos-2:autogluon/chronos-2,0.5632038571405278,0.6921001780150609,0.798828125,1024,256,1.2,1.11,0.05,0.0
phihigh_shall_gpfull_s06_c512h64,chronos-2:autogluon/chronos-2,0.3593771242648764,0.39237014795805414,0.9736328125,1024,256,0.9,0.83,0.02,0.0
phihigh_shall_gpfull_s07_c512h1024,chronos-2:autogluon/chronos-2,0.7727837461619727,0.9601729142903721,0.6240234375,1024,256,2.6,2.37,0.17,0.0
phihigh_shall_gpfull_s07_c512h16,chronos-2:autogluon/chronos-2,0.32804010993893334,0.31664557005450766,0.9990234375,1024,256,0.8,0.75,0.01,0.0
phihigh_shall_gpfull_s07_c512h256,chronos-2:autogluon/chronos-2,0.572532236079808,0.7171129328725568,0.78515625,1024,256,1.3,1.25,0.04,0.0
phihigh_shall_gpfull_s07_c512h64,chronos-2:autogluon/chronos-2,0.3591890662419442,0.4002036159071285,0.9697265625,1024,256,0.9,0.83,0.01,0.0
phihigh_shall_gphalf_s00_c512h1024,chronos-2:autogluon/chronos-2,0.7677445111228564,1.0141160389638895,0.625,1024,256,2.6,2.43,0.15,0.0
phihigh_shall_gphalf_s00_c512h16,chronos-2:autogluon/chronos-2,0.3261404652301868,0.3223904233842946,0.998046875,1024,256,0.8,0.76,0.01,0.0
phihigh_shall_gphalf_s00_c512h256,chronos-2:autogluon/chronos-2,0.5345072753338301,0.7081461859532487,0.787109375,1024,256,1.2,1.15,0.05,0.0
phihigh_shall_gphalf_s00_c512h64,chronos-2:autogluon/chronos-2,0.3401296721596672,0.39591149099245837,0.96484375,1024,256,0.9,0.83,0.01,0.0
phihigh_shall_gphalf_s01_c512h1024,chronos-2:autogluon/chronos-2,0.7646620636859687,1.0047884515272307,0.6201171875,1024,256,2.5,2.3,0.17,0.0
phihigh_shall_gphalf_s01_c512h16,chronos-2:autogluon/chronos-2,0.32681142745951475,0.32084999756892796,0.9990234375,1024,256,0.8,0.76,0.01,0.0
phihigh_shall_gphalf_s01_c512h256,chronos-2:autogluon/chronos-2,0.5297565676454464,0.7006688320096194,0.7939453125,1024,256,1.3,1.25,0.05,0.0
phihigh_shall_gphalf_s01_c512h64,chronos-2:autogluon/chronos-2,0.3464016120991039,0.39411585013299677,0.9638671875,1024,256,0.9,0.83,0.01,0.0
phihigh_shall_gphalf_s02_c512h1024,chronos-2:autogluon/chronos-2,0.7560396512853753,0.975665499361637,0.6396484375,1024,256,2.6,2.38,0.15,0.0
phihigh_shall_gphalf_s02_c512h16,chronos-2:autogluon/chronos-2,0.3215031279702819,0.3171982154784747,0.99609375,1024,256,0.8,0.75,0.01,0.0
phihigh_shall_gphalf_s02_c512h256,chronos-2:autogluon/chronos-2,0.5341115612407031,0.6891938733345131,0.8017578125,1024,256,1.2,1.11,0.04,0.0
phihigh_shall_gphalf_s02_c512h64,chronos-2:autogluon/chronos-2,0.3464234670207478,0.38688129527579984,0.966796875,1024,256,0.9,0.83,0.01,0.0
phihigh_shall_gphalf_s03_c512h1024,chronos-2:autogluon/chronos-2,0.761800851473653,0.9913574286551392,0.6201171875,1024,256,2.5,2.28,0.15,0.0
phihigh_shall_gphalf_s03_c512h16,chronos-2:autogluon/chronos-2,0.3278624286525258,0.32254697663900767,0.9990234375,1024,256,0.8,0.75,0.01,0.0
phihigh_shall_gphalf_s03_c512h256,chronos-2:autogluon/chronos-2,0.5357997397536419,0.6900205169862643,0.779296875,1024,256,2.6,2.51,0.04,0.0
phihigh_shall_gphalf_s03_c512h64,chronos-2:autogluon/chronos-2,0.3407292985860926,0.38798661289792813,0.9716796875,1024,256,0.9,0.83,0.01,0.0
phihigh_shall_gphalf_s04_c512h1024,chronos-2:autogluon/chronos-2,0.7846619416151315,1.0339094240262867,0.5947265625,1024,256,2.7,2.48,0.15,0.0
phihigh_shall_gphalf_s04_c512h16,chronos-2:autogluon/chronos-2,0.32185583317858646,0.329174196316486,1.0,1024,256,0.8,0.75,0.01,0.0
phihigh_shall_gphalf_s04_c512h256,chronos-2:autogluon/chronos-2,0.5346237185762527,0.7147628930910168,0.7939453125,1024,256,1.2,1.16,0.04,0.0
phihigh_shall_gphalf_s04_c512h64,chronos-2:autogluon/chronos-2,0.342248597616796,0.4033907276772451,0.9599609375,1024,256,0.9,0.83,0.01,0.0
phihigh_shall_gphalf_s05_c512h1024,chronos-2:autogluon/chronos-2,0.744745253422309,0.9841442475242217,0.6474609375,1024,256,2.5,2.34,0.15,0.0
phihigh_shall_gphalf_s05_c512h16,chronos-2:autogluon/chronos-2,0.3182582895878777,0.3155073694568613,0.9990234375,1024,256,0.8,0.75,0.01,0.0
phihigh_shall_gphalf_s05_c512h256,chronos-2:autogluon/chronos-2,0.5166429184768115,0.6933651480530121,0.77734375,1024,256,1.2,1.11,0.04,0.0
phihigh_shall_gphalf_s05_c512h64,chronos-2:autogluon/chronos-2,0.34111919422841863,0.38893923965001326,0.9658203125,1024,256,0.9,0.83,0.02,0.0
phihigh_shall_gphalf_s06_c512h1024,chronos-2:autogluon/chronos-2,0.7654862523618544,1.0153417786847672,0.6181640625,1024,256,2.5,2.32,0.15,0.0
phihigh_shall_gphalf_s06_c512h16,chronos-2:autogluon/chronos-2,0.3207960505583401,0.31910653729540117,1.0,1024,256,0.8,0.75,0.01,0.0
phihigh_shall_gphalf_s06_c512h256,chronos-2:autogluon/chronos-2,0.5332574981746602,0.708863718076606,0.7685546875,1024,256,1.2,1.13,0.04,0.0
phihigh_shall_gphalf_s06_c512h64,chronos-2:autogluon/chronos-2,0.3430396285258456,0.38921104600198453,0.9736328125,1024,256,0.9,0.83,0.01,0.0
phihigh_shall_gphalf_s07_c512h1024,chronos-2:autogluon/chronos-2,0.7723242213532364,0.9883394791634519,0.6435546875,1024,256,2.5,2.34,0.15,0.0
phihigh_shall_gphalf_s07_c512h16,chronos-2:autogluon/chronos-2,0.3318505555041994,0.3123627925808137,1.0,1024,256,0.8,0.75,0.01,0.0
phihigh_shall_gphalf_s07_c512h256,chronos-2:autogluon/chronos-2,0.5333931713585582,0.695586142960328,0.8017578125,1024,256,1.3,1.18,0.04,0.0
phihigh_shall_gphalf_s07_c512h64,chronos-2:autogluon/chronos-2,0.34426763983179787,0.38121996140210357,0.966796875,1024,256,0.9,0.83,0.01,0.0
phihigh_shall_gpno_s00_c512h1024,chronos-2:autogluon/chronos-2,0.7883023807891303,0.9902748902471248,0.6435546875,1024,256,2.6,2.44,0.15,0.0
phihigh_shall_gpno_s00_c512h16,chronos-2:autogluon/chronos-2,0.3311889565306759,0.31757307892399445,1.0,1024,256,0.8,0.75,0.01,0.0
phihigh_shall_gpno_s00_c512h256,chronos-2:autogluon/chronos-2,0.5864035694597021,0.7324410526686499,0.783203125,1024,256,1.2,1.17,0.04,0.0
phihigh_shall_gpno_s00_c512h64,chronos-2:autogluon/chronos-2,0.36322000664875576,0.40159528789598475,0.9677734375,1024,256,0.9,0.83,0.01,0.0
phihigh_shall_gpno_s01_c512h1024,chronos-2:autogluon/chronos-2,0.7776071894296239,0.9601894889732321,0.654296875,1024,256,2.5,2.29,0.15,0.0
phihigh_shall_gpno_s01_c512h16,chronos-2:autogluon/chronos-2,0.33958984312355356,0.3172426799153044,0.9990234375,1024,256,0.8,0.75,0.01,0.0
phihigh_shall_gpno_s01_c512h256,chronos-2:autogluon/chronos-2,0.5643500846651697,0.6945086801800481,0.798828125,1024,256,2.6,2.52,0.03,0.0
phihigh_shall_gpno_s01_c512h64,chronos-2:autogluon/chronos-2,0.3670459478482091,0.3935763631297442,0.9677734375,1024,256,0.9,0.83,0.02,0.0
phihigh_shall_gpno_s02_c512h1024,chronos-2:autogluon/chronos-2,0.7819179406065081,0.9482306535622601,0.685546875,1024,256,2.5,2.27,0.15,0.0
phihigh_shall_gpno_s02_c512h16,chronos-2:autogluon/chronos-2,0.33789134532553544,0.3089642098325235,0.9990234375,1024,256,0.8,0.76,0.01,0.0
phihigh_shall_gpno_s02_c512h256,chronos-2:autogluon/chronos-2,0.5658191993297008,0.692493525299865,0.806640625,1024,256,1.3,1.19,0.04,0.0
phihigh_shall_gpno_s02_c512h64,chronos-2:autogluon/chronos-2,0.36322518499123546,0.38719016201614986,0.9658203125,1024,256,0.9,0.83,0.01,0.0
phihigh_shall_gpno_s03_c512h1024,chronos-2:autogluon/chronos-2,0.7815448531362615,0.9545091731132422,0.662109375,1024,256,2.5,2.31,0.14,0.0
phihigh_shall_gpno_s03_c512h16,chronos-2:autogluon/chronos-2,0.3237880147956146,0.3108939702956624,0.9990234375,1024,256,0.8,0.76,0.01,0.0
phihigh_shall_gpno_s03_c512h256,chronos-2:autogluon/chronos-2,0.5597345454037659,0.6996644894100703,0.8017578125,1024,256,1.3,1.19,0.04,0.0
phihigh_shall_gpno_s03_c512h64,chronos-2:autogluon/chronos-2,0.34979959448435827,0.38037568905277147,0.978515625,1024,256,0.9,0.82,0.01,0.0
phihigh_shall_gpno_s04_c512h1024,chronos-2:autogluon/chronos-2,0.7900945396336234,0.9797152921387349,0.6396484375,1024,256,2.6,2.43,0.15,0.0
phihigh_shall_gpno_s04_c512h16,chronos-2:autogluon/chronos-2,0.3348740438969152,0.3195791846119289,0.998046875,1024,256,0.8,0.74,0.01,0.0
phihigh_shall_gpno_s04_c512h256,chronos-2:autogluon/chronos-2,0.5737613024982968,0.7216661692839637,0.7841796875,1024,256,1.3,1.26,0.04,0.0
phihigh_shall_gpno_s04_c512h64,chronos-2:autogluon/chronos-2,0.3614349021567602,0.40167499220142794,0.958984375,1024,256,0.9,0.83,0.01,0.0
phihigh_shall_gpno_s05_c512h1024,chronos-2:autogluon/chronos-2,0.768695844126025,0.9290271221636406,0.6591796875,1024,256,2.5,2.29,0.15,0.0
phihigh_shall_gpno_s05_c512h16,chronos-2:autogluon/chronos-2,0.32775449112972466,0.3116870695188974,0.9990234375,1024,256,0.8,0.75,0.01,0.0
phihigh_shall_gpno_s05_c512h256,chronos-2:autogluon/chronos-2,0.5664780211385616,0.6916482392312464,0.7998046875,1024,256,1.2,1.12,0.04,0.0
phihigh_shall_gpno_s05_c512h64,chronos-2:autogluon/chronos-2,0.35867525756151214,0.38723705312469203,0.970703125,1024,256,0.9,0.83,0.01,0.0
phihigh_shall_gpno_s06_c512h1024,chronos-2:autogluon/chronos-2,0.7925858033958426,0.9742128834284729,0.6494140625,1024,256,2.5,2.31,0.15,0.0
phihigh_shall_gpno_s06_c512h16,chronos-2:autogluon/chronos-2,0.3313127664870674,0.31457764169327906,0.998046875,1024,256,0.8,0.76,0.01,0.0
phihigh_shall_gpno_s06_c512h256,chronos-2:autogluon/chronos-2,0.5796450000918665,0.7153081928029079,0.7939453125,1024,256,1.3,1.26,0.04,0.0
phihigh_shall_gpno_s06_c512h64,chronos-2:autogluon/chronos-2,0.3621574116499096,0.39424040517725445,0.9716796875,1024,256,0.9,0.84,0.01,0.0
phihigh_shall_gpno_s07_c512h1024,chronos-2:autogluon/chronos-2,0.774122539542117,0.9430312392143723,0.6533203125,1024,256,2.5,2.28,0.15,0.0
phihigh_shall_gpno_s07_c512h16,chronos-2:autogluon/chronos-2,0.3395577870368036,0.31338587303774523,0.99609375,1024,256,0.8,0.77,0.01,0.0
phihigh_shall_gpno_s07_c512h256,chronos-2:autogluon/chronos-2,0.5668050732678211,0.7031955887248718,0.7978515625,1024,256,2.6,2.54,0.04,0.0
phihigh_shall_gpno_s07_c512h64,chronos-2:autogluon/chronos-2,0.366168054103726,0.39397260689670616,0.97265625,1024,256,0.9,0.85,0.01,0.0
phihigh_shhalf_gpfull_s00_c512h1024,chronos-2:autogluon/chronos-2,0.7339533016239643,0.9176329808870898,0.6572265625,1024,256,2.5,2.28,0.16,0.0
phihigh_shhalf_gpfull_s00_c512h16,chronos-2:autogluon/chronos-2,0.3384071911708015,0.31358316693956934,0.9990234375,1024,256,0.8,0.76,0.01,0.0
phihigh_shhalf_gpfull_s00_c512h256,chronos-2:autogluon/chronos-2,0.5374423576971605,0.6695693231049075,0.802734375,1024,256,1.3,1.27,0.04,0.0
phihigh_shhalf_gpfull_s00_c512h64,chronos-2:autogluon/chronos-2,0.3466773788845087,0.37732407534211715,0.974609375,1024,256,0.9,0.83,0.01,0.0
phihigh_shhalf_gpfull_s01_c512h1024,chronos-2:autogluon/chronos-2,0.7509544825775681,0.9225658671976147,0.658203125,1024,256,2.6,2.39,0.15,0.0
phihigh_shhalf_gpfull_s01_c512h16,chronos-2:autogluon/chronos-2,0.326397142571792,0.31992396318354777,0.9970703125,1024,256,0.8,0.74,0.01,0.0
phihigh_shhalf_gpfull_s01_c512h256,chronos-2:autogluon/chronos-2,0.5423717640917102,0.6807953486090036,0.8125,1024,256,1.3,1.17,0.04,0.0
phihigh_shhalf_gpfull_s01_c512h64,chronos-2:autogluon/chronos-2,0.3441908752255105,0.37741823877141994,0.9814453125,1024,256,0.9,0.82,0.01,0.0
phihigh_shhalf_gpfull_s02_c512h1024,chronos-2:autogluon/chronos-2,0.7495493929017858,0.9463275890330891,0.634765625,1024,256,2.5,2.28,0.15,0.0
phihigh_shhalf_gpfull_s02_c512h16,chronos-2:autogluon/chronos-2,0.32477724557720344,0.3108512899211995,1.0,1024,256,0.8,0.74,0.01,0.0
phihigh_shhalf_gpfull_s02_c512h256,chronos-2:autogluon/chronos-2,0.5445530097011579,0.7053863540902298,0.78125,1024,256,1.2,1.12,0.04,0.0
phihigh_shhalf_gpfull_s02_c512h64,chronos-2:autogluon/chronos-2,0.3415772791649907,0.38003169395936093,0.9736328125,1024,256,0.9,0.82,0.01,0.0
phihigh_shhalf_gpfull_s03_c512h1024,chronos-2:autogluon/chronos-2,0.7823201470098874,0.9851090106845508,0.6064453125,1024,256,2.5,2.34,0.15,0.0
phihigh_shhalf_gpfull_s03_c512h16,chronos-2:autogluon/chronos-2,0.32246656804489604,0.3152105457392796,0.9990234375,1024,256,0.8,0.76,0.01,0.0
phihigh_shhalf_gpfull_s03_c512h256,chronos-2:autogluon/chronos-2,0.5502539160405967,0.6838963187619536,0.798828125,1024,256,1.3,1.24,0.04,0.0
phihigh_shhalf_gpfull_s03_c512h64,chronos-2:autogluon/chronos-2,0.33749377317408,0.3812551014911376,0.9716796875,1024,256,0.9,0.83,0.01,0.0
phihigh_shhalf_gpfull_s04_c512h1024,chronos-2:autogluon/chronos-2,0.7422326965372921,0.9028877414439425,0.6650390625,1024,256,2.6,2.44,0.15,0.0
phihigh_shhalf_gpfull_s04_c512h16,chronos-2:autogluon/chronos-2,0.3285692386741706,0.30944455562392736,1.0,1024,256,0.8,0.76,0.01,0.0
phihigh_shhalf_gpfull_s04_c512h256,chronos-2:autogluon/chronos-2,0.5396339417411278,0.6626157845812168,0.806640625,1024,256,1.3,1.22,0.04,0.0
phihigh_shhalf_gpfull_s04_c512h64,chronos-2:autogluon/chronos-2,0.3401248979154857,0.3713776874352228,0.9794921875,1024,256,0.9,0.84,0.01,0.0
phihigh_shhalf_gpfull_s05_c512h1024,chronos-2:autogluon/chronos-2,0.7620130015123544,0.9423726295882174,0.642578125,1024,256,2.6,2.43,0.15,0.0
phihigh_shhalf_gpfull_s05_c512h16,chronos-2:autogluon/chronos-2,0.3283588669978563,0.3121665045723938,1.0,1024,256,0.8,0.76,0.01,0.0
phihigh_shhalf_gpfull_s05_c512h256,chronos-2:autogluon/chronos-2,0.545053729460873,0.6711825402754288,0.7939453125,1024,256,1.2,1.16,0.04,0.0
phihigh_shhalf_gpfull_s05_c512h64,chronos-2:autogluon/chronos-2,0.35211535598656424,0.38309032103443486,0.97265625,1024,256,2.4,2.32,0.01,0.0
phihigh_shhalf_gpfull_s06_c512h1024,chronos-2:autogluon/chronos-2,0.7760245199024352,1.011932663684885,0.595703125,1024,256,2.4,2.26,0.15,0.0
phihigh_shhalf_gpfull_s06_c512h16,chronos-2:autogluon/chronos-2,0.3342514683977582,0.3253128776185239,0.9990234375,1024,256,0.8,0.76,0.01,0.0
phihigh_shhalf_gpfull_s06_c512h256,chronos-2:autogluon/chronos-2,0.5761555689588669,0.752791931906372,0.7578125,1024,256,1.4,1.29,0.05,0.0
phihigh_shhalf_gpfull_s06_c512h64,chronos-2:autogluon/chronos-2,0.3532345452650506,0.39874136024054224,0.9697265625,1024,256,0.9,0.84,0.01,0.0
phihigh_shhalf_gpfull_s07_c512h1024,chronos-2:autogluon/chronos-2,0.7425841601102958,0.9034508536119099,0.685546875,1024,256,2.5,2.27,0.15,0.0
phihigh_shhalf_gpfull_s07_c512h16,chronos-2:autogluon/chronos-2,0.3335035632889559,0.3085211377358253,0.998046875,1024,256,1.0,0.74,0.01,0.0
phihigh_shhalf_gpfull_s07_c512h256,chronos-2:autogluon/chronos-2,0.536702132336366,0.663784564894264,0.8125,1024,256,1.2,1.13,0.04,0.0
phihigh_shhalf_gpfull_s07_c512h64,chronos-2:autogluon/chronos-2,0.3495045527804755,0.37491779517460827,0.9736328125,1024,256,0.9,0.82,0.01,0.0
phihigh_shhalf_gphalf_s00_c512h1024,chronos-2:autogluon/chronos-2,0.7682729933792727,1.002275092160137,0.6376953125,1024,256,2.4,2.26,0.15,0.0
phihigh_shhalf_gphalf_s00_c512h16,chronos-2:autogluon/chronos-2,0.3308106067999277,0.32206334943882065,0.9990234375,1024,256,0.8,0.75,0.01,0.0
phihigh_shhalf_gphalf_s00_c512h256,chronos-2:autogluon/chronos-2,0.523066800126177,0.6878714483513539,0.794921875,1024,256,1.2,1.17,0.04,0.0
phihigh_shhalf_gphalf_s00_c512h64,chronos-2:autogluon/chronos-2,0.34708331607942633,0.38842831087141927,0.970703125,1024,256,0.9,0.83,0.01,0.0
phihigh_shhalf_gphalf_s01_c512h1024,chronos-2:autogluon/chronos-2,0.7521302649056145,0.9959558602791002,0.6435546875,1024,256,2.6,2.41,0.16,0.0
phihigh_shhalf_gphalf_s01_c512h16,chronos-2:autogluon/chronos-2,0.3230376727110531,0.3175876077099995,0.9990234375,1024,256,0.8,0.76,0.01,0.0
phihigh_shhalf_gphalf_s01_c512h256,chronos-2:autogluon/chronos-2,0.5154602723798651,0.676541581887781,0.791015625,1024,256,1.2,1.11,0.04,0.0
phihigh_shhalf_gphalf_s01_c512h64,chronos-2:autogluon/chronos-2,0.33331566551113334,0.3809086185380298,0.96484375,1024,256,0.9,0.83,0.01,0.0
phihigh_shhalf_gphalf_s02_c512h1024,chronos-2:autogluon/chronos-2,0.7421673915130079,0.9504223055908803,0.6552734375,1024,256,2.7,2.54,0.16,0.0
phihigh_shhalf_gphalf_s02_c512h16,chronos-2:autogluon/chronos-2,0.3241043700165254,0.31298873714828435,1.0,1024,256,0.8,0.8,0.01,0.0
phihigh_shhalf_gphalf_s02_c512h256,chronos-2:autogluon/chronos-2,0.5072892911997214,0.6572268286201779,0.828125,1024,256,1.4,1.3,0.04,0.0
phihigh_shhalf_gphalf_s02_c512h64,chronos-2:autogluon/chronos-2,0.33838029962323124,0.3801394540263866,0.9775390625,1024,256,0.9,0.88,0.02,0.0
phihigh_shhalf_gphalf_s03_c512h1024,chronos-2:autogluon/chronos-2,0.7607145642405182,1.0221108049645782,0.6376953125,1024,256,2.5,2.35,0.15,0.0
phihigh_shhalf_gphalf_s03_c512h16,chronos-2:autogluon/chronos-2,0.3166372971802114,0.31635610481377685,0.998046875,1024,256,1.9,0.76,1.06,0.0
phihigh_shhalf_gphalf_s03_c512h256,chronos-2:autogluon/chronos-2,0.5226071307504156,0.6966116201293173,0.7724609375,1024,256,1.4,1.3,0.04,0.0
phihigh_shhalf_gphalf_s03_c512h64,chronos-2:autogluon/chronos-2,0.32792076298747336,0.38086817577225063,0.9736328125,1024,256,0.9,0.83,0.01,0.0
phihigh_shhalf_gphalf_s04_c512h1024,chronos-2:autogluon/chronos-2,0.7662261869312457,1.0250494063329978,0.6064453125,1024,256,2.4,2.21,0.14,0.0
phihigh_shhalf_gphalf_s04_c512h16,chronos-2:autogluon/chronos-2,0.32894501423861106,0.3218808218683114,0.9990234375,1024,256,0.8,0.76,0.01,0.0
phihigh_shhalf_gphalf_s04_c512h256,chronos-2:autogluon/chronos-2,0.5334680397440799,0.7169058207747456,0.771484375,1024,256,1.3,1.24,0.04,0.0
phihigh_shhalf_gphalf_s04_c512h64,chronos-2:autogluon/chronos-2,0.34433511195528976,0.39205913052837793,0.974609375,1024,256,0.9,0.83,0.01,0.0
phihigh_shhalf_gphalf_s05_c512h1024,chronos-2:autogluon/chronos-2,0.7696683616880515,0.9995158044620487,0.61328125,1024,256,2.7,2.47,0.15,0.0
phihigh_shhalf_gphalf_s05_c512h16,chronos-2:autogluon/chronos-2,0.32184660293287065,0.3191123616143178,0.9990234375,1024,256,0.8,0.71,0.01,0.0
phihigh_shhalf_gphalf_s05_c512h256,chronos-2:autogluon/chronos-2,0.5337884984447638,0.69814832430191,0.7890625,1024,256,1.3,1.19,0.04,0.0
phihigh_shhalf_gphalf_s05_c512h64,chronos-2:autogluon/chronos-2,0.338803224134542,0.3875955092053517,0.9716796875,1024,256,0.8,0.78,0.01,0.0
phihigh_shhalf_gphalf_s06_c512h1024,chronos-2:autogluon/chronos-2,0.7665035372398602,1.0309076278052274,0.6240234375,1024,256,2.5,2.31,0.15,0.0
phihigh_shhalf_gphalf_s06_c512h16,chronos-2:autogluon/chronos-2,0.31140211177784227,0.3283203815458246,0.99609375,1024,256,0.8,0.75,0.01,0.0
phihigh_shhalf_gphalf_s06_c512h256,chronos-2:autogluon/chronos-2,0.5370658173103586,0.7220966348732993,0.7646484375,1024,256,1.2,1.17,0.04,0.0
phihigh_shhalf_gphalf_s06_c512h64,chronos-2:autogluon/chronos-2,0.3396512953868054,0.3999035424327532,0.9619140625,1024,256,0.9,0.83,0.01,0.0
phihigh_shhalf_gphalf_s07_c512h1024,chronos-2:autogluon/chronos-2,0.7407766172875402,0.9578249698840653,0.6640625,1024,256,2.5,2.34,0.17,0.0
phihigh_shhalf_gphalf_s07_c512h16,chronos-2:autogluon/chronos-2,0.3289094997115064,0.3118336573150121,0.998046875,1024,256,0.8,0.75,0.01,0.0
phihigh_shhalf_gphalf_s07_c512h256,chronos-2:autogluon/chronos-2,0.515188904722153,0.6715397944560051,0.8154296875,1024,256,1.2,1.16,0.04,0.0
phihigh_shhalf_gphalf_s07_c512h64,chronos-2:autogluon/chronos-2,0.3385743955397758,0.3761848887403111,0.9775390625,1024,256,0.9,0.83,0.01,0.0
phihigh_shhalf_gpno_s00_c512h1024,chronos-2:autogluon/chronos-2,0.7754714018960658,0.945316734048293,0.6591796875,1024,256,2.5,2.32,0.16,0.0
phihigh_shhalf_gpno_s00_c512h16,chronos-2:autogluon/chronos-2,0.3363296928586761,0.31299233904377965,0.99609375,1024,256,0.8,0.79,0.01,0.0
phihigh_shhalf_gpno_s00_c512h256,chronos-2:autogluon/chronos-2,0.564939064733228,0.6964629919517585,0.8037109375,1024,256,1.2,1.17,0.04,0.0
phihigh_shhalf_gpno_s00_c512h64,chronos-2:autogluon/chronos-2,0.35910489524452327,0.3865047428556141,0.978515625,1024,256,0.9,0.84,0.01,0.0
phihigh_shhalf_gpno_s01_c512h1024,chronos-2:autogluon/chronos-2,0.7595269813500309,0.9255258409704922,0.673828125,1024,256,2.5,2.35,0.15,0.0
phihigh_shhalf_gpno_s01_c512h16,chronos-2:autogluon/chronos-2,0.3320096007963675,0.3168840633174095,0.9990234375,1024,256,2.4,2.32,0.01,0.0
phihigh_shhalf_gpno_s01_c512h256,chronos-2:autogluon/chronos-2,0.5603287815600637,0.7048300026895585,0.794921875,1024,256,1.3,1.21,0.05,0.0
phihigh_shhalf_gpno_s01_c512h64,chronos-2:autogluon/chronos-2,0.36251568782166754,0.39659529437165125,0.95703125,1024,256,1.0,0.9,0.01,0.0
phihigh_shhalf_gpno_s02_c512h1024,chronos-2:autogluon/chronos-2,0.784954700203914,0.9821462614866352,0.6279296875,1024,256,2.4,2.26,0.15,0.0
phihigh_shhalf_gpno_s02_c512h16,chronos-2:autogluon/chronos-2,0.331509676374812,0.3168628348868114,0.998046875,1024,256,0.8,0.76,0.01,0.0
phihigh_shhalf_gpno_s02_c512h256,chronos-2:autogluon/chronos-2,0.5718358891577204,0.7172859134966616,0.7939453125,1024,256,1.2,1.16,0.04,0.0
phihigh_shhalf_gpno_s02_c512h64,chronos-2:autogluon/chronos-2,0.3571272441081791,0.39815368381939914,0.9619140625,1024,256,0.9,0.83,0.01,0.0
phihigh_shhalf_gpno_s03_c512h1024,chronos-2:autogluon/chronos-2,0.7821367810409594,0.9574561715650709,0.640625,1024,256,2.5,2.31,0.14,0.0
phihigh_shhalf_gpno_s03_c512h16,chronos-2:autogluon/chronos-2,0.32697292530162986,0.31183938959380586,0.9990234375,1024,256,0.8,0.75,0.01,0.0
phihigh_shhalf_gpno_s03_c512h256,chronos-2:autogluon/chronos-2,0.5692754856656438,0.7035533968152559,0.787109375,1024,256,1.2,1.14,0.04,0.0
phihigh_shhalf_gpno_s03_c512h64,chronos-2:autogluon/chronos-2,0.3567111423173726,0.3895347206119028,0.9755859375,1024,256,0.9,0.82,0.02,0.0
phihigh_shhalf_gpno_s04_c512h1024,chronos-2:autogluon/chronos-2,0.7876692923582209,0.9490731937367872,0.654296875,1024,256,2.3,2.14,0.14,0.0
phihigh_shhalf_gpno_s04_c512h16,chronos-2:autogluon/chronos-2,0.3348314953445969,0.31477381137102023,0.9970703125,1024,256,0.8,0.71,0.01,0.0
phihigh_shhalf_gpno_s04_c512h256,chronos-2:autogluon/chronos-2,0.5690696071998489,0.6977884955572722,0.7958984375,1024,256,1.1,1.05,0.03,0.0
phihigh_shhalf_gpno_s04_c512h64,chronos-2:autogluon/chronos-2,0.36141718746152757,0.3893551420243126,0.9638671875,1024,256,0.8,0.78,0.01,0.0
phihigh_shhalf_gpno_s05_c512h1024,chronos-2:autogluon/chronos-2,0.8011095188616102,1.0032609749013293,0.640625,1024,256,2.7,2.54,0.15,0.0
phihigh_shhalf_gpno_s05_c512h16,chronos-2:autogluon/chronos-2,0.3382690382327995,0.32183459641504053,0.9970703125,1024,256,0.8,0.76,0.01,0.0
phihigh_shhalf_gpno_s05_c512h256,chronos-2:autogluon/chronos-2,0.5866313915570038,0.7313075402421368,0.7685546875,1024,256,1.2,1.12,0.04,0.0
phihigh_shhalf_gpno_s05_c512h64,chronos-2:autogluon/chronos-2,0.3711864101113122,0.40800334632780844,0.96484375,1024,256,0.9,0.83,0.01,0.0
phihigh_shhalf_gpno_s06_c512h1024,chronos-2:autogluon/chronos-2,0.803502308307498,0.9869156138914497,0.6484375,1024,256,2.6,2.35,0.16,0.0
phihigh_shhalf_gpno_s06_c512h16,chronos-2:autogluon/chronos-2,0.33623726850760977,0.3093490660222565,0.998046875,1024,256,0.8,0.76,0.01,0.0
phihigh_shhalf_gpno_s06_c512h256,chronos-2:autogluon/chronos-2,0.5688763571601423,0.6952993548041734,0.79296875,1024,256,1.3,1.18,0.04,0.0
phihigh_shhalf_gpno_s06_c512h64,chronos-2:autogluon/chronos-2,0.35902222576637255,0.3844129072966742,0.9716796875,1024,256,0.9,0.83,0.01,0.0
phihigh_shhalf_gpno_s07_c512h1024,chronos-2:autogluon/chronos-2,0.7900494569032098,0.9616467620164222,0.658203125,1024,256,2.5,2.28,0.15,0.0
phihigh_shhalf_gpno_s07_c512h16,chronos-2:autogluon/chronos-2,0.33064534599112705,0.31205149133616095,1.0,1024,256,2.3,2.28,0.01,0.0
phihigh_shhalf_gpno_s07_c512h256,chronos-2:autogluon/chronos-2,0.5720166064732197,0.6947059236713748,0.802734375,1024,256,1.4,1.31,0.04,0.0
phihigh_shhalf_gpno_s07_c512h64,chronos-2:autogluon/chronos-2,0.3584958175921181,0.3848471976229446,0.9736328125,1024,256,0.9,0.89,0.02,0.0
phihigh_shnone_gpfull_s00_c512h1024,chronos-2:autogluon/chronos-2,0.7034498571689468,0.8857259907934374,0.673828125,1024,256,2.4,2.25,0.15,0.0
phihigh_shnone_gpfull_s00_c512h16,chronos-2:autogluon/chronos-2,0.3307638321360288,0.30993822021497663,1.0,1024,256,0.8,0.76,0.01,0.0
phihigh_shnone_gpfull_s00_c512h256,chronos-2:autogluon/chronos-2,0.5094374800157748,0.6360914100994449,0.81640625,1024,256,1.2,1.11,0.03,0.0
phihigh_shnone_gpfull_s00_c512h64,chronos-2:autogluon/chronos-2,0.325792217591516,0.36253200750440867,0.978515625,1024,256,0.9,0.82,0.02,0.0
phihigh_shnone_gpfull_s01_c512h1024,chronos-2:autogluon/chronos-2,0.7062172362737401,0.8599450849367588,0.7099609375,1024,256,2.4,2.24,0.15,0.0
phihigh_shnone_gpfull_s01_c512h16,chronos-2:autogluon/chronos-2,0.3260288606330866,0.3100820402828064,0.9990234375,1024,256,0.8,0.74,0.01,0.0
phihigh_shnone_gpfull_s01_c512h256,chronos-2:autogluon/chronos-2,0.49844133283844605,0.6211077242133278,0.8427734375,1024,256,1.2,1.13,0.04,0.0
phihigh_shnone_gpfull_s01_c512h64,chronos-2:autogluon/chronos-2,0.33117747902514194,0.35628911202121116,0.9873046875,1024,256,0.9,0.82,0.02,0.0
phihigh_shnone_gpfull_s02_c512h1024,chronos-2:autogluon/chronos-2,0.6994532127856561,0.8651662894908554,0.685546875,1024,256,2.4,2.2,0.15,0.0
phihigh_shnone_gpfull_s02_c512h16,chronos-2:autogluon/chronos-2,0.3247351647085212,0.3006297366505895,0.9990234375,1024,256,0.8,0.73,0.01,0.0
phihigh_shnone_gpfull_s02_c512h256,chronos-2:autogluon/chronos-2,0.4944696612091063,0.6104795275126584,0.8427734375,1024,256,1.2,1.08,0.04,0.0
phihigh_shnone_gpfull_s02_c512h64,chronos-2:autogluon/chronos-2,0.3275009042640442,0.35172723188843946,0.9833984375,1024,256,0.9,0.8,0.01,0.0
phihigh_shnone_gpfull_s03_c512h1024,chronos-2:autogluon/chronos-2,0.7549229612960575,0.9373467566252556,0.62890625,1024,256,2.5,2.28,0.15,0.0
phihigh_shnone_gpfull_s03_c512h16,chronos-2:autogluon/chronos-2,0.31867117691424196,0.3114485404901387,1.0,1024,256,0.8,0.74,0.01,0.0
phihigh_shnone_gpfull_s03_c512h256,chronos-2:autogluon/chronos-2,0.521619510408517,0.6437664259322781,0.8251953125,1024,256,1.3,1.21,0.04,0.0
phihigh_shnone_gpfull_s03_c512h64,chronos-2:autogluon/chronos-2,0.3205478179345921,0.36078242786543235,0.982421875,1024,256,0.9,0.83,0.01,0.0
phihigh_shnone_gpfull_s04_c512h1024,chronos-2:autogluon/chronos-2,0.7083761269604968,0.874165816076262,0.67578125,1024,256,2.7,2.52,0.16,0.0
phihigh_shnone_gpfull_s04_c512h16,chronos-2:autogluon/chronos-2,0.3190337678351953,0.30804380196599945,0.9990234375,1024,256,0.8,0.76,0.01,0.0
phihigh_shnone_gpfull_s04_c512h256,chronos-2:autogluon/chronos-2,0.5065812158691952,0.6327951920796879,0.833984375,1024,256,1.2,1.16,0.04,0.0
phihigh_shnone_gpfull_s04_c512h64,chronos-2:autogluon/chronos-2,0.33173176068025645,0.3643053829673697,0.9765625,1024,256,0.9,0.83,0.01,0.0
phihigh_shnone_gpfull_s05_c512h1024,chronos-2:autogluon/chronos-2,0.7317486003270022,0.9194006931023003,0.65234375,1024,256,2.5,2.29,0.15,0.0
phihigh_shnone_gpfull_s05_c512h16,chronos-2:autogluon/chronos-2,0.31617285474828294,0.31532679318869666,1.0,1024,256,2.3,2.29,0.01,0.0
phihigh_shnone_gpfull_s05_c512h256,chronos-2:autogluon/chronos-2,0.5187916483544759,0.6605411131217189,0.7978515625,1024,256,1.4,1.32,0.04,0.0
phihigh_shnone_gpfull_s05_c512h64,chronos-2:autogluon/chronos-2,0.3326939084048576,0.37065083287885275,0.9765625,1024,256,0.9,0.88,0.01,0.0
phihigh_shnone_gpfull_s06_c512h1024,chronos-2:autogluon/chronos-2,0.7652549650964928,0.9865134966469777,0.603515625,1024,256,2.4,2.25,0.15,0.0
phihigh_shnone_gpfull_s06_c512h16,chronos-2:autogluon/chronos-2,0.3346067509842777,0.3215233774314297,0.9990234375,1024,256,0.8,0.75,0.01,0.0
phihigh_shnone_gpfull_s06_c512h256,chronos-2:autogluon/chronos-2,0.539372345935601,0.7057824277733133,0.775390625,1024,256,1.2,1.1,0.04,0.0
phihigh_shnone_gpfull_s06_c512h64,chronos-2:autogluon/chronos-2,0.344594402023686,0.39081930437051715,0.97265625,1024,256,0.9,0.83,0.01,0.0
phihigh_shnone_gpfull_s07_c512h1024,chronos-2:autogluon/chronos-2,0.7027119612061059,0.8545940748593959,0.7158203125,1024,256,2.4,2.25,0.14,0.0
phihigh_shnone_gpfull_s07_c512h16,chronos-2:autogluon/chronos-2,0.3270461586398513,0.30151845522369974,0.998046875,1024,256,0.8,0.75,0.01,0.0
phihigh_shnone_gpfull_s07_c512h256,chronos-2:autogluon/chronos-2,0.4996798435542744,0.6259329277610937,0.837890625,1024,256,1.2,1.11,0.04,0.0
phihigh_shnone_gpfull_s07_c512h64,chronos-2:autogluon/chronos-2,0.3271384006209483,0.34750721865443623,0.9833984375,1024,256,0.9,0.83,0.01,0.0
phihigh_shnone_gphalf_s00_c512h1024,chronos-2:autogluon/chronos-2,0.7524107507567953,0.9926239639370489,0.630859375,1024,256,2.4,2.25,0.15,0.0
phihigh_shnone_gphalf_s00_c512h16,chronos-2:autogluon/chronos-2,0.31920045376905115,0.31821393163360945,1.0,1024,256,0.8,0.73,0.01,0.0
phihigh_shnone_gphalf_s00_c512h256,chronos-2:autogluon/chronos-2,0.5094990010832379,0.677884884307405,0.7939453125,1024,256,1.2,1.09,0.04,0.0
phihigh_shnone_gphalf_s00_c512h64,chronos-2:autogluon/chronos-2,0.33934574092855085,0.3826113628176666,0.9716796875,1024,256,0.9,0.8,0.01,0.0
phihigh_shnone_gphalf_s01_c512h1024,chronos-2:autogluon/chronos-2,0.752417803171741,1.0001702761382893,0.6376953125,1024,256,2.5,2.29,0.15,0.0
phihigh_shnone_gphalf_s01_c512h16,chronos-2:autogluon/chronos-2,0.3211426383947821,0.3219127562694571,0.9990234375,1024,256,0.8,0.76,0.01,0.0
phihigh_shnone_gphalf_s01_c512h256,chronos-2:autogluon/chronos-2,0.5236450378213899,0.6983979897254136,0.796875,1024,256,1.2,1.12,0.04,0.0
phihigh_shnone_gphalf_s01_c512h64,chronos-2:autogluon/chronos-2,0.3349195899599878,0.3867509357558976,0.9599609375,1024,256,0.9,0.83,0.01,0.0
phihigh_shnone_gphalf_s02_c512h1024,chronos-2:autogluon/chronos-2,0.725987292048551,0.9352223593300164,0.6806640625,1024,256,2.5,2.32,0.15,0.0
phihigh_shnone_gphalf_s02_c512h16,chronos-2:autogluon/chronos-2,0.32551246517770277,0.3140944757559585,1.0,1024,256,0.8,0.76,0.01,0.0
phihigh_shnone_gphalf_s02_c512h256,chronos-2:autogluon/chronos-2,0.490573044255797,0.6410814160937504,0.833984375,1024,256,1.3,1.24,0.04,0.0
phihigh_shnone_gphalf_s02_c512h64,chronos-2:autogluon/chronos-2,0.326790524228675,0.37473649701471,0.98046875,1024,256,0.9,0.83,0.01,0.0
phihigh_shnone_gphalf_s03_c512h1024,chronos-2:autogluon/chronos-2,0.7440767039862575,1.006163877158268,0.6416015625,1024,256,2.5,2.32,0.15,0.0
phihigh_shnone_gphalf_s03_c512h16,chronos-2:autogluon/chronos-2,0.3178570263372236,0.31722776861033536,0.998046875,1024,256,2.4,2.31,0.01,0.0
phihigh_shnone_gphalf_s03_c512h256,chronos-2:autogluon/chronos-2,0.5017625410445401,0.6730631979358852,0.7744140625,1024,256,1.4,1.29,0.04,0.0
phihigh_shnone_gphalf_s03_c512h64,chronos-2:autogluon/chronos-2,0.32821357506743326,0.3744566145467842,0.974609375,1024,256,0.9,0.85,0.01,0.0
phihigh_shnone_gphalf_s04_c512h1024,chronos-2:autogluon/chronos-2,0.7724824019778959,1.0395770613582134,0.6162109375,1024,256,2.5,2.28,0.15,0.0
phihigh_shnone_gphalf_s04_c512h16,chronos-2:autogluon/chronos-2,0.3301457945121347,0.31917920550098394,0.998046875,1024,256,0.8,0.76,0.01,0.0
phihigh_shnone_gphalf_s04_c512h256,chronos-2:autogluon/chronos-2,0.5412969167259618,0.7313045075255848,0.759765625,1024,256,1.2,1.17,0.04,0.0
phihigh_shnone_gphalf_s04_c512h64,chronos-2:autogluon/chronos-2,0.3503233760391239,0.395070399435823,0.9658203125,1024,256,0.9,0.83,0.01,0.0
phihigh_shnone_gphalf_s05_c512h1024,chronos-2:autogluon/chronos-2,0.7406680714889096,0.9521235740229079,0.6396484375,1024,256,2.5,2.29,0.16,0.0
phihigh_shnone_gphalf_s05_c512h16,chronos-2:autogluon/chronos-2,0.31340925247531615,0.31272766762107945,0.9970703125,1024,256,0.8,0.75,0.01,0.0
phihigh_shnone_gphalf_s05_c512h256,chronos-2:autogluon/chronos-2,0.5003467092169104,0.6454306216949548,0.8095703125,1024,256,1.4,1.28,0.04,0.0
phihigh_shnone_gphalf_s05_c512h64,chronos-2:autogluon/chronos-2,0.324870610879183,0.37006442437042697,0.9833984375,1024,256,0.9,0.83,0.01,0.0
phihigh_shnone_gphalf_s06_c512h1024,chronos-2:autogluon/chronos-2,0.7585245235606151,1.009134188327732,0.6328125,1024,256,2.5,2.28,0.15,0.0
phihigh_shnone_gphalf_s06_c512h16,chronos-2:autogluon/chronos-2,0.317959956185421,0.3189403741940993,0.9970703125,1024,256,0.8,0.76,0.01,0.0
phihigh_shnone_gphalf_s06_c512h256,chronos-2:autogluon/chronos-2,0.5116225410018573,0.6793235059877816,0.7919921875,1024,256,1.4,1.31,0.04,0.0
phihigh_shnone_gphalf_s06_c512h64,chronos-2:autogluon/chronos-2,0.33328017396085474,0.3820701012224858,0.970703125,1024,256,0.9,0.83,0.01,0.0
phihigh_shnone_gphalf_s07_c512h1024,chronos-2:autogluon/chronos-2,0.7477783127281135,0.954479498230115,0.658203125,1024,256,2.5,2.33,0.15,0.0
phihigh_shnone_gphalf_s07_c512h16,chronos-2:autogluon/chronos-2,0.32508841995260407,0.31262934083598787,0.998046875,1024,256,0.8,0.76,0.01,0.0
phihigh_shnone_gphalf_s07_c512h256,chronos-2:autogluon/chronos-2,0.5114986439009662,0.6544190809470471,0.8251953125,1024,256,1.3,1.24,0.04,0.0
phihigh_shnone_gphalf_s07_c512h64,chronos-2:autogluon/chronos-2,0.3327304764679293,0.37387586012652263,0.9765625,1024,256,0.9,0.83,0.01,0.0
phihigh_shnone_gpno_s00_c512h1024,chronos-2:autogluon/chronos-2,0.7734435044248273,0.9536289146692809,0.6806640625,1024,256,3.9,3.69,0.15,0.0
phihigh_shnone_gpno_s00_c512h16,chronos-2:autogluon/chronos-2,0.32889065700761566,0.3124092776551958,0.9970703125,1024,256,0.8,0.75,0.01,0.0
phihigh_shnone_gpno_s00_c512h256,chronos-2:autogluon/chronos-2,0.5421112911561841,0.6748474036971553,0.818359375,1024,256,1.3,1.26,0.04,0.0
phihigh_shnone_gpno_s00_c512h64,chronos-2:autogluon/chronos-2,0.3448717805548712,0.3726031446878707,0.9794921875,1024,256,0.9,0.84,0.01,0.0
phihigh_shnone_gpno_s01_c512h1024,chronos-2:autogluon/chronos-2,0.7733930314771759,0.9549723950028921,0.6591796875,1024,256,2.5,2.28,0.15,0.0
phihigh_shnone_gpno_s01_c512h16,chronos-2:autogluon/chronos-2,0.33386314147347673,0.31377073736170363,0.998046875,1024,256,0.8,0.76,0.01,0.0
phihigh_shnone_gpno_s01_c512h256,chronos-2:autogluon/chronos-2,0.5666538866609481,0.7168625046482687,0.7763671875,1024,256,1.2,1.12,0.04,0.0
phihigh_shnone_gpno_s01_c512h64,chronos-2:autogluon/chronos-2,0.35320261889224897,0.3892865428829041,0.96875,1024,256,0.9,0.83,0.01,0.0
phihigh_shnone_gpno_s02_c512h1024,chronos-2:autogluon/chronos-2,0.7805875823140572,0.9585298226267203,0.6328125,1024,256,2.5,2.31,0.15,0.0
phihigh_shnone_gpno_s02_c512h16,chronos-2:autogluon/chronos-2,0.3320310543631625,0.31885198615029364,0.9990234375,1024,256,0.8,0.76,0.01,0.0
phihigh_shnone_gpno_s02_c512h256,chronos-2:autogluon/chronos-2,0.5834574851754343,0.7191120153454722,0.7939453125,1024,256,1.4,1.3,0.04,0.0
phihigh_shnone_gpno_s02_c512h64,chronos-2:autogluon/chronos-2,0.3689917146332159,0.40994939241812056,0.9541015625,1024,256,0.9,0.83,0.01,0.0
phihigh_shnone_gpno_s03_c512h1024,chronos-2:autogluon/chronos-2,0.7791079311588291,0.9463867128702895,0.640625,1024,256,2.5,2.27,0.15,0.0
phihigh_shnone_gpno_s03_c512h16,chronos-2:autogluon/chronos-2,0.3288096550477818,0.3108670841414321,0.998046875,1024,256,0.8,0.75,0.01,0.0
phihigh_shnone_gpno_s03_c512h256,chronos-2:autogluon/chronos-2,0.5690672179112328,0.7023819090242243,0.798828125,1024,256,1.3,1.21,0.04,0.0
phihigh_shnone_gpno_s03_c512h64,chronos-2:autogluon/chronos-2,0.35771796687919577,0.3877688340589994,0.970703125,1024,256,0.9,0.83,0.01,0.0
phihigh_shnone_gpno_s04_c512h1024,chronos-2:autogluon/chronos-2,0.7840222919689875,0.9541249464241612,0.66015625,1024,256,2.5,2.32,0.15,0.0
phihigh_shnone_gpno_s04_c512h16,chronos-2:autogluon/chronos-2,0.3424181803856637,0.31740957085530036,0.9970703125,1024,256,0.8,0.75,0.01,0.0
phihigh_shnone_gpno_s04_c512h256,chronos-2:autogluon/chronos-2,0.5781065330586953,0.7128685845130011,0.796875,1024,256,1.4,1.32,0.04,0.0
phihigh_shnone_gpno_s04_c512h64,chronos-2:autogluon/chronos-2,0.3709788904885093,0.39706305367225464,0.9580078125,1024,256,0.9,0.83,0.01,0.0
phihigh_shnone_gpno_s05_c512h1024,chronos-2:autogluon/chronos-2,0.801122225937285,1.000604335550098,0.6533203125,1024,256,2.5,2.27,0.15,0.0
phihigh_shnone_gpno_s05_c512h16,chronos-2:autogluon/chronos-2,0.336823596432026,0.32037323520636246,0.998046875,1024,256,0.8,0.75,0.01,0.0
phihigh_shnone_gpno_s05_c512h256,chronos-2:autogluon/chronos-2,0.58147649070739,0.7219482636938497,0.775390625,1024,256,1.2,1.17,0.04,0.0
phihigh_shnone_gpno_s05_c512h64,chronos-2:autogluon/chronos-2,0.3652774350638373,0.40298201331769457,0.9677734375,1024,256,0.9,0.83,0.01,0.0
phihigh_shnone_gpno_s06_c512h1024,chronos-2:autogluon/chronos-2,0.7865693587119154,0.9774707589876771,0.6416015625,1024,256,3.8,3.65,0.15,0.0
phihigh_shnone_gpno_s06_c512h16,chronos-2:autogluon/chronos-2,0.3350668312612808,0.3117893850931712,0.9970703125,1024,256,0.8,0.75,0.01,0.0
phihigh_shnone_gpno_s06_c512h256,chronos-2:autogluon/chronos-2,0.5777844212180975,0.7213831494186074,0.78125,1024,256,1.2,1.12,0.04,0.0
phihigh_shnone_gpno_s06_c512h64,chronos-2:autogluon/chronos-2,0.3654862807397969,0.3928176585622212,0.9658203125,1024,256,0.9,0.84,0.01,0.0
phihigh_shnone_gpno_s07_c512h1024,chronos-2:autogluon/chronos-2,0.7942803256861826,0.9792539735465992,0.6630859375,1024,256,2.5,2.27,0.15,0.0
phihigh_shnone_gpno_s07_c512h16,chronos-2:autogluon/chronos-2,0.3282008322842027,0.3107296625285584,1.0,1024,256,0.8,0.76,0.01,0.0
phihigh_shnone_gpno_s07_c512h256,chronos-2:autogluon/chronos-2,0.5637243075814685,0.6847674135394985,0.80078125,1024,256,1.3,1.19,0.04,0.0
phihigh_shnone_gpno_s07_c512h64,chronos-2:autogluon/chronos-2,0.3540247890230819,0.3815606691488036,0.978515625,1024,256,0.9,0.83,0.01,0.0
philow_shall_gpfull_s00_c512h1024,chronos-2:autogluon/chronos-2,0.8031381345161832,0.7645071267757155,0.9580078125,1024,256,2.5,2.29,0.16,0.0
philow_shall_gpfull_s00_c512h16,chronos-2:autogluon/chronos-2,0.7053797749963651,0.6500654631991819,0.98828125,1024,256,0.8,0.75,0.01,0.0
philow_shall_gpfull_s00_c512h256,chronos-2:autogluon/chronos-2,0.7572624359719411,0.7212484642522121,0.9716796875,1024,256,1.3,1.25,0.04,0.0
philow_shall_gpfull_s00_c512h64,chronos-2:autogluon/chronos-2,0.7079679061130533,0.6666068568085965,0.9970703125,1024,256,0.9,0.82,0.01,0.0
philow_shall_gpfull_s01_c512h1024,chronos-2:autogluon/chronos-2,0.8064668875683686,0.769164096830544,0.9501953125,1024,256,2.6,2.36,0.15,0.0
philow_shall_gpfull_s01_c512h16,chronos-2:autogluon/chronos-2,0.6985858442839665,0.6491905829437816,0.990234375,1024,256,0.8,0.76,0.01,0.0
philow_shall_gpfull_s01_c512h256,chronos-2:autogluon/chronos-2,0.7592433049618971,0.7250830928364647,0.966796875,1024,256,1.2,1.16,0.04,0.0
philow_shall_gpfull_s01_c512h64,chronos-2:autogluon/chronos-2,0.7036524565688453,0.66690556508468,0.9921875,1024,256,0.9,0.83,0.01,0.0
philow_shall_gpfull_s02_c512h1024,chronos-2:autogluon/chronos-2,0.8045222010891687,0.7682460651341961,0.9501953125,1024,256,2.5,2.27,0.15,0.0
philow_shall_gpfull_s02_c512h16,chronos-2:autogluon/chronos-2,0.6985267642260342,0.6496273469149776,0.9892578125,1024,256,0.8,0.76,0.01,0.0
philow_shall_gpfull_s02_c512h256,chronos-2:autogluon/chronos-2,0.7588638528399592,0.7233847453951054,0.9716796875,1024,256,1.2,1.14,0.04,0.0
philow_shall_gpfull_s02_c512h64,chronos-2:autogluon/chronos-2,0.7056770329136723,0.6661347326051317,0.9912109375,1024,256,0.9,0.83,0.01,0.0
philow_shall_gpfull_s03_c512h1024,chronos-2:autogluon/chronos-2,0.8046067821728184,0.7681001628839274,0.9599609375,1024,256,2.5,2.31,0.15,0.0
philow_shall_gpfull_s03_c512h16,chronos-2:autogluon/chronos-2,0.697467170492347,0.6563202253092519,0.9873046875,1024,256,0.8,0.76,0.01,0.0
philow_shall_gpfull_s03_c512h256,chronos-2:autogluon/chronos-2,0.7600453259877312,0.7296033808260153,0.9521484375,1024,256,1.2,1.12,0.04,0.0
philow_shall_gpfull_s03_c512h64,chronos-2:autogluon/chronos-2,0.7039894649298852,0.667437633105608,0.99609375,1024,256,0.9,0.83,0.01,0.0
philow_shall_gpfull_s04_c512h1024,chronos-2:autogluon/chronos-2,0.7982826843288644,0.7613907952361744,0.9560546875,1024,256,3.8,3.65,0.15,0.0
philow_shall_gpfull_s04_c512h16,chronos-2:autogluon/chronos-2,0.6913399139852835,0.6417081457089624,0.9853515625,1024,256,0.8,0.76,0.01,0.0
philow_shall_gpfull_s04_c512h256,chronos-2:autogluon/chronos-2,0.7540994240979757,0.7201342980518213,0.96875,1024,256,1.4,1.33,0.04,0.0
philow_shall_gpfull_s04_c512h64,chronos-2:autogluon/chronos-2,0.7021359454838898,0.6657167573133353,0.9912109375,1024,256,0.9,0.83,0.01,0.0
philow_shall_gpfull_s05_c512h1024,chronos-2:autogluon/chronos-2,0.8054268147475265,0.7645482997982165,0.9501953125,1024,256,2.7,2.45,0.16,0.0
philow_shall_gpfull_s05_c512h16,chronos-2:autogluon/chronos-2,0.7023703623043913,0.6472131688713468,0.9912109375,1024,256,0.8,0.75,0.01,0.0
philow_shall_gpfull_s05_c512h256,chronos-2:autogluon/chronos-2,0.7548442186650601,0.7191157843683975,0.958984375,1024,256,1.2,1.15,0.04,0.0
philow_shall_gpfull_s05_c512h64,chronos-2:autogluon/chronos-2,0.7047773789722324,0.6619223341862313,0.990234375,1024,256,0.9,0.84,0.01,0.0
philow_shall_gpfull_s06_c512h1024,chronos-2:autogluon/chronos-2,0.8009145226926234,0.7627684044561499,0.9521484375,1024,256,2.7,2.51,0.15,0.0
philow_shall_gpfull_s06_c512h16,chronos-2:autogluon/chronos-2,0.6962708869440464,0.6544321300452427,0.990234375,1024,256,0.8,0.76,0.01,0.0
philow_shall_gpfull_s06_c512h256,chronos-2:autogluon/chronos-2,0.757388743301189,0.7204726457846484,0.9658203125,1024,256,1.3,1.24,0.04,0.0
philow_shall_gpfull_s06_c512h64,chronos-2:autogluon/chronos-2,0.7055997274931622,0.6685144896582912,0.9912109375,1024,256,0.9,0.83,0.01,0.0
philow_shall_gpfull_s07_c512h1024,chronos-2:autogluon/chronos-2,0.8115423411774656,0.7725065499652306,0.9462890625,1024,256,2.5,2.3,0.15,0.0
philow_shall_gpfull_s07_c512h16,chronos-2:autogluon/chronos-2,0.6956596107721493,0.6499817959122496,0.9794921875,1024,256,0.8,0.75,0.01,0.0
philow_shall_gpfull_s07_c512h256,chronos-2:autogluon/chronos-2,0.7618975146839316,0.7281089744563654,0.94921875,1024,256,1.2,1.12,0.04,0.0
philow_shall_gpfull_s07_c512h64,chronos-2:autogluon/chronos-2,0.7058994533484503,0.6682812225099115,0.9931640625,1024,256,0.9,0.84,0.02,0.0
philow_shall_gphalf_s00_c512h1024,chronos-2:autogluon/chronos-2,0.8159782256867395,0.7842193412295762,0.931640625,1024,256,2.5,2.32,0.15,0.0
philow_shall_gphalf_s00_c512h16,chronos-2:autogluon/chronos-2,0.7022894707849844,0.6561377273961115,0.9833984375,1024,256,0.8,0.76,0.01,0.0
philow_shall_gphalf_s00_c512h256,chronos-2:autogluon/chronos-2,0.761587562238826,0.7307995453296039,0.9521484375,1024,256,1.3,1.22,0.04,0.0
philow_shall_gphalf_s00_c512h64,chronos-2:autogluon/chronos-2,0.7071074714093409,0.6719162149406467,0.9912109375,1024,256,0.9,0.83,0.01,0.0
philow_shall_gphalf_s01_c512h1024,chronos-2:autogluon/chronos-2,0.8058269917201399,0.7669899782400653,0.9443359375,1024,256,2.5,2.33,0.15,0.0
philow_shall_gphalf_s01_c512h16,chronos-2:autogluon/chronos-2,0.7005560093739835,0.6458228368838401,0.98828125,1024,256,0.8,0.75,0.01,0.0
philow_shall_gphalf_s01_c512h256,chronos-2:autogluon/chronos-2,0.758123201903478,0.7208129344672565,0.9560546875,1024,256,1.3,1.19,0.04,0.0
philow_shall_gphalf_s01_c512h64,chronos-2:autogluon/chronos-2,0.7062717151293043,0.6651594984226755,0.994140625,1024,256,0.9,0.83,0.01,0.0
philow_shall_gphalf_s02_c512h1024,chronos-2:autogluon/chronos-2,0.8072716244095484,0.7698695947234161,0.9482421875,1024,256,3.8,3.63,0.15,0.0
philow_shall_gphalf_s02_c512h16,chronos-2:autogluon/chronos-2,0.6931790852764101,0.6536969601774416,0.982421875,1024,256,0.8,0.76,0.01,0.0
philow_shall_gphalf_s02_c512h256,chronos-2:autogluon/chronos-2,0.7561101759043611,0.7224216533757094,0.962890625,1024,256,1.2,1.13,0.04,0.0
philow_shall_gphalf_s02_c512h64,chronos-2:autogluon/chronos-2,0.6999488521213397,0.6654340109693608,0.9892578125,1024,256,0.9,0.83,0.01,0.0
philow_shall_gphalf_s03_c512h1024,chronos-2:autogluon/chronos-2,0.8093428788487683,0.7749237540792127,0.9384765625,1024,256,2.5,2.28,0.15,0.0
philow_shall_gphalf_s03_c512h16,chronos-2:autogluon/chronos-2,0.6990385448536403,0.6498466316253524,0.98828125,1024,256,0.8,0.76,0.01,0.0
philow_shall_gphalf_s03_c512h256,chronos-2:autogluon/chronos-2,0.7581042319630578,0.7258104702235442,0.9599609375,1024,256,1.2,1.13,0.04,0.0
philow_shall_gphalf_s03_c512h64,chronos-2:autogluon/chronos-2,0.7070079977780506,0.6697511774111523,0.99609375,1024,256,0.9,0.83,0.01,0.0
philow_shall_gphalf_s04_c512h1024,chronos-2:autogluon/chronos-2,0.8073384599031757,0.7676421260813799,0.947265625,1024,256,2.6,2.37,0.15,0.0
philow_shall_gphalf_s04_c512h16,chronos-2:autogluon/chronos-2,0.7035092507326236,0.6447026628751082,0.9873046875,1024,256,0.8,0.75,0.01,0.0
philow_shall_gphalf_s04_c512h256,chronos-2:autogluon/chronos-2,0.7607572176602488,0.7223735171217103,0.962890625,1024,256,1.4,1.27,0.04,0.0
philow_shall_gphalf_s04_c512h64,chronos-2:autogluon/chronos-2,0.7077338153042948,0.6661803834896428,0.9853515625,1024,256,0.9,0.83,0.01,0.0
philow_shall_gphalf_s05_c512h1024,chronos-2:autogluon/chronos-2,0.8121814123382306,0.7765701091855026,0.935546875,1024,256,2.5,2.33,0.15,0.0
philow_shall_gphalf_s05_c512h16,chronos-2:autogluon/chronos-2,0.6979597025071711,0.6500525029848508,0.9853515625,1024,256,0.8,0.76,0.01,0.0
philow_shall_gphalf_s05_c512h256,chronos-2:autogluon/chronos-2,0.762620194352408,0.7276932099696101,0.9521484375,1024,256,1.2,1.14,0.04,0.0
philow_shall_gphalf_s05_c512h64,chronos-2:autogluon/chronos-2,0.7071154984761241,0.6678794626515714,0.990234375,1024,256,0.9,0.83,0.01,0.0
philow_shall_gphalf_s06_c512h1024,chronos-2:autogluon/chronos-2,0.8028054439075416,0.761330118357729,0.9599609375,1024,256,2.5,2.29,0.15,0.0
philow_shall_gphalf_s06_c512h16,chronos-2:autogluon/chronos-2,0.6949245446495962,0.6454794458383644,0.9921875,1024,256,0.8,0.75,0.01,0.0
philow_shall_gphalf_s06_c512h256,chronos-2:autogluon/chronos-2,0.7577656032980009,0.7191037457415016,0.955078125,1024,256,1.3,1.27,0.04,0.0
philow_shall_gphalf_s06_c512h64,chronos-2:autogluon/chronos-2,0.7042530211997365,0.6576644342669178,0.994140625,1024,256,0.9,0.83,0.01,0.0
philow_shall_gphalf_s07_c512h1024,chronos-2:autogluon/chronos-2,0.8068813487195066,0.7661358702669809,0.9404296875,1024,256,2.5,2.29,0.15,0.0
philow_shall_gphalf_s07_c512h16,chronos-2:autogluon/chronos-2,0.6993723108980064,0.6503598313586592,0.986328125,1024,256,0.8,0.76,0.01,0.0
philow_shall_gphalf_s07_c512h256,chronos-2:autogluon/chronos-2,0.7560618087344617,0.719093266037344,0.955078125,1024,256,1.2,1.12,0.04,0.0
philow_shall_gphalf_s07_c512h64,chronos-2:autogluon/chronos-2,0.7058061561991116,0.6619276346069469,0.9912109375,1024,256,0.9,0.83,0.01,0.0
philow_shall_gpno_s00_c512h1024,chronos-2:autogluon/chronos-2,0.8138921114527984,0.7771745660747251,0.93359375,1024,256,3.9,3.68,0.15,0.0
philow_shall_gpno_s00_c512h16,chronos-2:autogluon/chronos-2,0.6964522289724349,0.6407699912149435,0.98828125,1024,256,0.8,0.76,0.01,0.0
philow_shall_gpno_s00_c512h256,chronos-2:autogluon/chronos-2,0.7605926552448755,0.7250585366632633,0.947265625,1024,256,1.2,1.12,0.04,0.0
philow_shall_gpno_s00_c512h64,chronos-2:autogluon/chronos-2,0.7057509351179982,0.6673518774098264,0.9921875,1024,256,0.9,0.83,0.01,0.0
philow_shall_gpno_s01_c512h1024,chronos-2:autogluon/chronos-2,0.8048750239110808,0.7719239793287918,0.9453125,1024,256,2.5,2.32,0.15,0.0
philow_shall_gpno_s01_c512h16,chronos-2:autogluon/chronos-2,0.6946103416564302,0.6469356427543699,0.9892578125,1024,256,0.8,0.76,0.01,0.0
philow_shall_gpno_s01_c512h256,chronos-2:autogluon/chronos-2,0.7533738565595569,0.7225177482553168,0.9560546875,1024,256,1.2,1.12,0.04,0.0
philow_shall_gpno_s01_c512h64,chronos-2:autogluon/chronos-2,0.7003281036844484,0.6661115782196031,0.9970703125,1024,256,0.9,0.83,0.02,0.0
philow_shall_gpno_s02_c512h1024,chronos-2:autogluon/chronos-2,0.8070961658216534,0.7687410521769601,0.939453125,1024,256,2.5,2.28,0.15,0.0
philow_shall_gpno_s02_c512h16,chronos-2:autogluon/chronos-2,0.6988182510169827,0.6484864097975398,0.9873046875,1024,256,0.8,0.75,0.01,0.0
philow_shall_gpno_s02_c512h256,chronos-2:autogluon/chronos-2,0.7526187712002361,0.7194702242719708,0.962890625,1024,256,1.2,1.12,0.04,0.0
philow_shall_gpno_s02_c512h64,chronos-2:autogluon/chronos-2,0.7030200317437596,0.6660577614358363,0.990234375,1024,256,0.9,0.83,0.02,0.0
philow_shall_gpno_s03_c512h1024,chronos-2:autogluon/chronos-2,0.8252356527536953,0.792653204784772,0.927734375,1024,256,2.5,2.28,0.15,0.0
philow_shall_gpno_s03_c512h16,chronos-2:autogluon/chronos-2,0.7023004969397824,0.6528151185894076,0.98828125,1024,256,0.8,0.75,0.01,0.0
philow_shall_gpno_s03_c512h256,chronos-2:autogluon/chronos-2,0.7613922320542155,0.7311350123433596,0.9423828125,1024,256,1.2,1.12,0.04,0.0
philow_shall_gpno_s03_c512h64,chronos-2:autogluon/chronos-2,0.710057609335865,0.6710081710986635,0.9853515625,1024,256,0.9,0.83,0.01,0.0
philow_shall_gpno_s04_c512h1024,chronos-2:autogluon/chronos-2,0.8065139913213546,0.7703974856827605,0.9423828125,1024,256,2.5,2.32,0.15,0.0
philow_shall_gpno_s04_c512h16,chronos-2:autogluon/chronos-2,0.6952874109269161,0.6417848491100154,0.990234375,1024,256,0.8,0.76,0.01,0.0
philow_shall_gpno_s04_c512h256,chronos-2:autogluon/chronos-2,0.752351728650539,0.7207907079097503,0.9560546875,1024,256,1.2,1.12,0.04,0.0
philow_shall_gpno_s04_c512h64,chronos-2:autogluon/chronos-2,0.6992782693562523,0.6604512518471194,0.994140625,1024,256,0.9,0.83,0.02,0.0
philow_shall_gpno_s05_c512h1024,chronos-2:autogluon/chronos-2,0.8064567024990539,0.7726656715370852,0.935546875,1024,256,2.5,2.36,0.15,0.0
philow_shall_gpno_s05_c512h16,chronos-2:autogluon/chronos-2,0.6995419414217945,0.6477287723765315,0.984375,1024,256,0.8,0.76,0.01,0.0
philow_shall_gpno_s05_c512h256,chronos-2:autogluon/chronos-2,0.7530826436133065,0.7262170105573564,0.9619140625,1024,256,1.2,1.12,0.04,0.0
philow_shall_gpno_s05_c512h64,chronos-2:autogluon/chronos-2,0.7045242559061923,0.6684663719720411,0.9931640625,1024,256,0.9,0.83,0.01,0.0
philow_shall_gpno_s06_c512h1024,chronos-2:autogluon/chronos-2,0.8047396659108762,0.7697703559301159,0.9423828125,1024,256,3.8,3.64,0.15,0.0
philow_shall_gpno_s06_c512h16,chronos-2:autogluon/chronos-2,0.7001754699205385,0.649289906696852,0.9912109375,1024,256,0.8,0.75,0.01,0.0
philow_shall_gpno_s06_c512h256,chronos-2:autogluon/chronos-2,0.7527100493901702,0.7188704065406097,0.9658203125,1024,256,1.2,1.14,0.04,0.0
philow_shall_gpno_s06_c512h64,chronos-2:autogluon/chronos-2,0.7064890563765247,0.6664417130282142,0.994140625,1024,256,0.9,0.84,0.01,0.0
philow_shall_gpno_s07_c512h1024,chronos-2:autogluon/chronos-2,0.8087075611847889,0.7709382907127575,0.9423828125,1024,256,2.5,2.28,0.15,0.0
philow_shall_gpno_s07_c512h16,chronos-2:autogluon/chronos-2,0.6999802808149753,0.6490883244164605,0.9873046875,1024,256,0.8,0.76,0.01,0.0
philow_shall_gpno_s07_c512h256,chronos-2:autogluon/chronos-2,0.7555536360345957,0.7217894443703412,0.9560546875,1024,256,1.3,1.18,0.04,0.0
philow_shall_gpno_s07_c512h64,chronos-2:autogluon/chronos-2,0.7040391617156185,0.6644420446557355,0.9892578125,1024,256,0.9,0.84,0.01,0.0
philow_shhalf_gpfull_s00_c512h1024,chronos-2:autogluon/chronos-2,0.8250705022661083,0.7839123088163791,0.9326171875,1024,256,2.5,2.28,0.15,0.0
philow_shhalf_gpfull_s00_c512h16,chronos-2:autogluon/chronos-2,0.6936380614153111,0.6378743986703501,0.986328125,1024,256,0.8,0.76,0.01,0.0
philow_shhalf_gpfull_s00_c512h256,chronos-2:autogluon/chronos-2,0.7485471965300952,0.7118102768176454,0.97265625,1024,256,1.2,1.12,0.04,0.0
philow_shhalf_gpfull_s00_c512h64,chronos-2:autogluon/chronos-2,0.7000241051025873,0.6542116816525594,0.9951171875,1024,256,0.9,0.83,0.01,0.0
philow_shhalf_gpfull_s01_c512h1024,chronos-2:autogluon/chronos-2,0.805063692152739,0.7641774498817366,0.9443359375,1024,256,2.6,2.38,0.15,0.0
philow_shhalf_gpfull_s01_c512h16,chronos-2:autogluon/chronos-2,0.6946052796063418,0.647852340420386,0.982421875,1024,256,0.8,0.76,0.01,0.0
philow_shhalf_gpfull_s01_c512h256,chronos-2:autogluon/chronos-2,0.751872656880703,0.7151137718389651,0.9658203125,1024,256,1.2,1.12,0.04,0.0
philow_shhalf_gpfull_s01_c512h64,chronos-2:autogluon/chronos-2,0.6957186142398617,0.6565974257030646,0.9921875,1024,256,0.9,0.83,0.01,0.0
philow_shhalf_gpfull_s02_c512h1024,chronos-2:autogluon/chronos-2,0.807376253313087,0.7727771123336376,0.9423828125,1024,256,2.5,2.27,0.15,0.0
philow_shhalf_gpfull_s02_c512h16,chronos-2:autogluon/chronos-2,0.6951509365321071,0.654152853351316,0.9892578125,1024,256,0.8,0.76,0.01,0.0
philow_shhalf_gpfull_s02_c512h256,chronos-2:autogluon/chronos-2,0.751600514452431,0.7172900235474625,0.9658203125,1024,256,1.4,1.28,0.04,0.0
philow_shhalf_gpfull_s02_c512h64,chronos-2:autogluon/chronos-2,0.6990895476356336,0.6655581950758164,0.9892578125,1024,256,0.9,0.83,0.01,0.0
philow_shhalf_gpfull_s03_c512h1024,chronos-2:autogluon/chronos-2,0.8016526946013438,0.7606725675269219,0.953125,1024,256,2.5,2.28,0.15,0.0
philow_shhalf_gpfull_s03_c512h16,chronos-2:autogluon/chronos-2,0.6943601205763272,0.6404073968376525,0.9921875,1024,256,0.8,0.76,0.01,0.0
philow_shhalf_gpfull_s03_c512h256,chronos-2:autogluon/chronos-2,0.7497917258088953,0.7116122476074886,0.9677734375,1024,256,1.2,1.13,0.04,0.0
philow_shhalf_gpfull_s03_c512h64,chronos-2:autogluon/chronos-2,0.7004516016313102,0.6600435002269993,0.990234375,1024,256,0.9,0.84,0.01,0.0
philow_shhalf_gpfull_s04_c512h1024,chronos-2:autogluon/chronos-2,0.8129750080854397,0.7778743435633632,0.9306640625,1024,256,3.9,3.69,0.15,0.0
philow_shhalf_gpfull_s04_c512h16,chronos-2:autogluon/chronos-2,0.7017361638089745,0.6553109185156145,0.9853515625,1024,256,0.8,0.76,0.01,0.0
philow_shhalf_gpfull_s04_c512h256,chronos-2:autogluon/chronos-2,0.7559150762703568,0.7240554381909324,0.955078125,1024,256,1.2,1.14,0.05,0.0
philow_shhalf_gpfull_s04_c512h64,chronos-2:autogluon/chronos-2,0.7049585520478796,0.6705467374946708,0.9892578125,1024,256,0.9,0.84,0.02,0.0
philow_shhalf_gpfull_s05_c512h1024,chronos-2:autogluon/chronos-2,0.805943533201483,0.7707063391826411,0.943359375,1024,256,2.5,2.33,0.15,0.0
philow_shhalf_gpfull_s05_c512h16,chronos-2:autogluon/chronos-2,0.7009035843153689,0.6502737183312695,0.9892578125,1024,256,0.8,0.75,0.01,0.0
philow_shhalf_gpfull_s05_c512h256,chronos-2:autogluon/chronos-2,0.7552980840937283,0.7217470686775591,0.9619140625,1024,256,1.2,1.12,0.04,0.0
philow_shhalf_gpfull_s05_c512h64,chronos-2:autogluon/chronos-2,0.7060746876129064,0.6653580721634152,0.99609375,1024,256,0.9,0.84,0.01,0.0
philow_shhalf_gpfull_s06_c512h1024,chronos-2:autogluon/chronos-2,0.7983919626228588,0.7577250789163048,0.95703125,1024,256,2.5,2.28,0.15,0.0
philow_shhalf_gpfull_s06_c512h16,chronos-2:autogluon/chronos-2,0.6924667948174947,0.646008089539198,0.98828125,1024,256,0.8,0.76,0.01,0.0
philow_shhalf_gpfull_s06_c512h256,chronos-2:autogluon/chronos-2,0.7464260872381151,0.7121054525750403,0.966796875,1024,256,1.3,1.2,0.04,0.0
philow_shhalf_gpfull_s06_c512h64,chronos-2:autogluon/chronos-2,0.7010224402321009,0.6644633554702732,0.98828125,1024,256,0.9,0.83,0.01,0.0
philow_shhalf_gpfull_s07_c512h1024,chronos-2:autogluon/chronos-2,0.8052717222472106,0.767800940531929,0.9453125,1024,256,2.5,2.28,0.15,0.0
philow_shhalf_gpfull_s07_c512h16,chronos-2:autogluon/chronos-2,0.694561886350672,0.6469250686624196,0.990234375,1024,256,0.8,0.76,0.01,0.0
philow_shhalf_gpfull_s07_c512h256,chronos-2:autogluon/chronos-2,0.7547483110682492,0.723601646582682,0.9541015625,1024,256,1.2,1.12,0.04,0.0
philow_shhalf_gpfull_s07_c512h64,chronos-2:autogluon/chronos-2,0.7036365931411781,0.6650084630046812,0.9931640625,1024,256,0.9,0.83,0.01,0.0
philow_shhalf_gphalf_s00_c512h1024,chronos-2:autogluon/chronos-2,0.817230875108603,0.7790187702726841,0.927734375,1024,256,2.5,2.28,0.16,0.0
philow_shhalf_gphalf_s00_c512h16,chronos-2:autogluon/chronos-2,0.6911968363664809,0.6480471036816635,0.9873046875,1024,256,0.8,0.76,0.01,0.0
philow_shhalf_gphalf_s00_c512h256,chronos-2:autogluon/chronos-2,0.7539920294898967,0.7174698184147313,0.958984375,1024,256,1.2,1.12,0.04,0.0
philow_shhalf_gphalf_s00_c512h64,chronos-2:autogluon/chronos-2,0.6999560165046206,0.6611026114810501,0.9931640625,1024,256,0.9,0.83,0.01,0.0
philow_shhalf_gphalf_s01_c512h1024,chronos-2:autogluon/chronos-2,0.8109381014206498,0.7742083051337393,0.927734375,1024,256,2.5,2.32,0.15,0.0
philow_shhalf_gphalf_s01_c512h16,chronos-2:autogluon/chronos-2,0.6991363762313413,0.6461331906790266,0.9853515625,1024,256,0.9,0.75,0.01,0.0
philow_shhalf_gphalf_s01_c512h256,chronos-2:autogluon/chronos-2,0.7634721505327808,0.7302946702371704,0.9482421875,1024,256,1.3,1.24,0.04,0.0
philow_shhalf_gphalf_s01_c512h64,chronos-2:autogluon/chronos-2,0.7078946355453986,0.6650687881573109,0.9921875,1024,256,0.9,0.83,0.01,0.0
philow_shhalf_gphalf_s02_c512h1024,chronos-2:autogluon/chronos-2,0.8067738331538228,0.7701342584639939,0.9501953125,1024,256,3.9,3.68,0.15,0.0
philow_shhalf_gphalf_s02_c512h16,chronos-2:autogluon/chronos-2,0.6995536183759441,0.6444572759509514,0.990234375,1024,256,0.8,0.76,0.01,0.0
philow_shhalf_gphalf_s02_c512h256,chronos-2:autogluon/chronos-2,0.7504041257940506,0.71447749671913,0.96875,1024,256,1.2,1.14,0.04,0.0
philow_shhalf_gphalf_s02_c512h64,chronos-2:autogluon/chronos-2,0.7059714852072492,0.6616951259023911,0.9951171875,1024,256,0.9,0.83,0.01,0.0
philow_shhalf_gphalf_s03_c512h1024,chronos-2:autogluon/chronos-2,0.8120916845307146,0.776331049422616,0.951171875,1024,256,2.6,2.38,0.15,0.0
philow_shhalf_gphalf_s03_c512h16,chronos-2:autogluon/chronos-2,0.6906694462850781,0.6521273793417678,0.984375,1024,256,0.8,0.76,0.01,0.0
philow_shhalf_gphalf_s03_c512h256,chronos-2:autogluon/chronos-2,0.7581018156967584,0.7255173000118336,0.9560546875,1024,256,1.2,1.15,0.04,0.0
philow_shhalf_gphalf_s03_c512h64,chronos-2:autogluon/chronos-2,0.7001157887600764,0.6645480443418119,0.994140625,1024,256,0.9,0.83,0.01,0.0
philow_shhalf_gphalf_s04_c512h1024,chronos-2:autogluon/chronos-2,0.8153520025544291,0.7760304149698185,0.927734375,1024,256,2.5,2.28,0.15,0.0
philow_shhalf_gphalf_s04_c512h16,chronos-2:autogluon/chronos-2,0.702338602667627,0.6471041689192398,0.986328125,1024,256,0.8,0.75,0.01,0.0
philow_shhalf_gphalf_s04_c512h256,chronos-2:autogluon/chronos-2,0.7580794247286026,0.7214762742553582,0.9560546875,1024,256,1.2,1.12,0.04,0.0
philow_shhalf_gphalf_s04_c512h64,chronos-2:autogluon/chronos-2,0.7072968989703401,0.6652568673070954,0.9892578125,1024,256,0.9,0.83,0.01,0.0
philow_shhalf_gphalf_s05_c512h1024,chronos-2:autogluon/chronos-2,0.8034915858839156,0.7666163776769929,0.9482421875,1024,256,2.5,2.29,0.15,0.0
philow_shhalf_gphalf_s05_c512h16,chronos-2:autogluon/chronos-2,0.7057345868240084,0.6475518552132056,0.98828125,1024,256,0.8,0.76,0.01,0.0
philow_shhalf_gphalf_s05_c512h256,chronos-2:autogluon/chronos-2,0.7517768826598404,0.7154369745656588,0.9697265625,1024,256,1.3,1.21,0.04,0.0
philow_shhalf_gphalf_s05_c512h64,chronos-2:autogluon/chronos-2,0.6990634595777279,0.6594403682329724,0.9921875,1024,256,0.9,0.83,0.01,0.0
philow_shhalf_gphalf_s06_c512h1024,chronos-2:autogluon/chronos-2,0.8138532028140321,0.7767306505493261,0.927734375,1024,256,2.5,2.29,0.15,0.0
philow_shhalf_gphalf_s06_c512h16,chronos-2:autogluon/chronos-2,0.6993584397670765,0.6540894481660162,0.990234375,1024,256,0.8,0.75,0.01,0.0
philow_shhalf_gphalf_s06_c512h256,chronos-2:autogluon/chronos-2,0.7584042330026942,0.7224596779190803,0.9599609375,1024,256,1.4,1.28,0.04,0.0
philow_shhalf_gphalf_s06_c512h64,chronos-2:autogluon/chronos-2,0.7083289212954536,0.6701818705020894,0.994140625,1024,256,0.9,0.84,0.01,0.0
philow_shhalf_gphalf_s07_c512h1024,chronos-2:autogluon/chronos-2,0.8084901619028384,0.7687814680413347,0.94140625,1024,256,2.6,2.38,0.15,0.0
philow_shhalf_gphalf_s07_c512h16,chronos-2:autogluon/chronos-2,0.695863601154397,0.6494968238139183,0.984375,1024,256,0.8,0.76,0.01,0.0
philow_shhalf_gphalf_s07_c512h256,chronos-2:autogluon/chronos-2,0.7500219964176522,0.7139131044026502,0.966796875,1024,256,1.2,1.12,0.04,0.0
philow_shhalf_gphalf_s07_c512h64,chronos-2:autogluon/chronos-2,0.7000089362527577,0.6609598840596829,0.9912109375,1024,256,0.9,0.83,0.01,0.0
philow_shhalf_gpno_s00_c512h1024,chronos-2:autogluon/chronos-2,0.8103262282796528,0.7736256620060804,0.943359375,1024,256,3.8,2.27,0.15,0.0
philow_shhalf_gpno_s00_c512h16,chronos-2:autogluon/chronos-2,0.6980236652543593,0.6494229247410004,0.98828125,1024,256,0.8,0.76,0.01,0.0
philow_shhalf_gpno_s00_c512h256,chronos-2:autogluon/chronos-2,0.7499341517977927,0.714281182158357,0.96875,1024,256,1.4,1.28,0.04,0.0
philow_shhalf_gpno_s00_c512h64,chronos-2:autogluon/chronos-2,0.7023045733604097,0.6643014812318048,0.9892578125,1024,256,0.9,0.83,0.01,0.0
philow_shhalf_gpno_s01_c512h1024,chronos-2:autogluon/chronos-2,0.8088432810492769,0.7727630739852158,0.9482421875,1024,256,2.7,2.46,0.15,0.0
philow_shhalf_gpno_s01_c512h16,chronos-2:autogluon/chronos-2,0.7002762871385901,0.6419454595617728,0.990234375,1024,256,0.8,0.76,0.01,0.0
philow_shhalf_gpno_s01_c512h256,chronos-2:autogluon/chronos-2,0.7535089785866722,0.720576755001162,0.96484375,1024,256,1.2,1.14,0.04,0.0
philow_shhalf_gpno_s01_c512h64,chronos-2:autogluon/chronos-2,0.7061061934433064,0.6687123213874697,0.9931640625,1024,256,0.9,0.83,0.02,0.0
philow_shhalf_gpno_s02_c512h1024,chronos-2:autogluon/chronos-2,0.8166280704710012,0.7820391252952419,0.9267578125,1024,256,2.5,2.3,0.15,0.0
philow_shhalf_gpno_s02_c512h16,chronos-2:autogluon/chronos-2,0.7042361768734671,0.6499144023014618,0.9873046875,1024,256,0.8,0.76,0.01,0.0
philow_shhalf_gpno_s02_c512h256,chronos-2:autogluon/chronos-2,0.760001916692142,0.7309882086821882,0.953125,1024,256,1.4,1.3,0.04,0.0
philow_shhalf_gpno_s02_c512h64,chronos-2:autogluon/chronos-2,0.7087878011451607,0.6716559238667539,0.98828125,1024,256,0.9,0.83,0.01,0.0
philow_shhalf_gpno_s03_c512h1024,chronos-2:autogluon/chronos-2,0.8115706851331987,0.7788747871274733,0.92578125,1024,256,2.5,2.31,0.15,0.0
philow_shhalf_gpno_s03_c512h16,chronos-2:autogluon/chronos-2,0.6891174728611575,0.646254294816993,0.9892578125,1024,256,0.8,0.76,0.01,0.0
philow_shhalf_gpno_s03_c512h256,chronos-2:autogluon/chronos-2,0.7577139994413213,0.729143619336193,0.9501953125,1024,256,1.2,1.12,0.04,0.0
philow_shhalf_gpno_s03_c512h64,chronos-2:autogluon/chronos-2,0.7014262737591337,0.6666157637456304,0.9892578125,1024,256,0.9,0.83,0.01,0.0
philow_shhalf_gpno_s04_c512h1024,chronos-2:autogluon/chronos-2,0.8344121162357068,0.8013435506007771,0.9375,1024,256,2.5,2.28,0.15,0.0
philow_shhalf_gpno_s04_c512h16,chronos-2:autogluon/chronos-2,0.6966392008764871,0.6443696996397902,0.98828125,1024,256,0.8,0.75,0.01,0.0
philow_shhalf_gpno_s04_c512h256,chronos-2:autogluon/chronos-2,0.7556239458552657,0.7227420826347589,0.9599609375,1024,256,1.2,1.12,0.04,0.0
philow_shhalf_gpno_s04_c512h64,chronos-2:autogluon/chronos-2,0.702524188698191,0.6638481147521196,0.99609375,1024,256,0.9,0.83,0.01,0.0
philow_shhalf_gpno_s05_c512h1024,chronos-2:autogluon/chronos-2,0.821443568335728,0.787116414073367,0.9248046875,1024,256,2.5,2.34,0.15,0.0
philow_shhalf_gpno_s05_c512h16,chronos-2:autogluon/chronos-2,0.6989433113473855,0.6475746122633956,0.9931640625,1024,256,0.8,0.76,0.01,0.0
philow_shhalf_gpno_s05_c512h256,chronos-2:autogluon/chronos-2,0.7557347586440494,0.7258394918967137,0.9541015625,1024,256,1.2,1.14,0.04,0.0
philow_shhalf_gpno_s05_c512h64,chronos-2:autogluon/chronos-2,0.7022868345841768,0.6649419091833284,0.990234375,1024,256,0.9,0.83,0.02,0.0
philow_shhalf_gpno_s06_c512h1024,chronos-2:autogluon/chronos-2,0.8021420068547875,0.763835603351297,0.94140625,1024,256,2.6,2.45,0.15,0.0
philow_shhalf_gpno_s06_c512h16,chronos-2:autogluon/chronos-2,0.7002552343339724,0.6475960851768765,0.9892578125,1024,256,0.8,0.76,0.01,0.0
philow_shhalf_gpno_s06_c512h256,chronos-2:autogluon/chronos-2,0.7520631860105309,0.717917786439928,0.9638671875,1024,256,2.6,2.48,0.04,0.0
philow_shhalf_gpno_s06_c512h64,chronos-2:autogluon/chronos-2,0.7010668865788307,0.6635879748402449,0.994140625,1024,256,0.9,0.83,0.01,0.0
philow_shhalf_gpno_s07_c512h1024,chronos-2:autogluon/chronos-2,0.808672751118612,0.7742942908651423,0.9453125,1024,256,2.5,2.3,0.15,0.0
philow_shhalf_gpno_s07_c512h16,chronos-2:autogluon/chronos-2,0.6949357621926797,0.6454223097024221,0.9833984375,1024,256,0.8,0.75,0.01,0.0
philow_shhalf_gpno_s07_c512h256,chronos-2:autogluon/chronos-2,0.7608176382261453,0.7268340725513585,0.95703125,1024,256,1.3,1.21,0.04,0.0
philow_shhalf_gpno_s07_c512h64,chronos-2:autogluon/chronos-2,0.7072104998297418,0.6645319698336143,0.99609375,1024,256,0.9,0.83,0.01,0.0
philow_shnone_gpfull_s00_c512h1024,chronos-2:autogluon/chronos-2,0.8367602303374047,0.8015111810472128,0.9228515625,1024,256,2.5,2.27,0.16,0.0
philow_shnone_gpfull_s00_c512h16,chronos-2:autogluon/chronos-2,0.6936046384447485,0.6377086476233267,0.990234375,1024,256,0.8,0.76,0.01,0.0
philow_shnone_gpfull_s00_c512h256,chronos-2:autogluon/chronos-2,0.7454387723854461,0.7092624771557303,0.96875,1024,256,1.2,1.11,0.04,0.0
philow_shnone_gpfull_s00_c512h64,chronos-2:autogluon/chronos-2,0.6943491361206109,0.6509611585152504,0.9931640625,1024,256,0.9,0.83,0.02,0.0
philow_shnone_gpfull_s01_c512h1024,chronos-2:autogluon/chronos-2,0.8061453349345018,0.7641429937983198,0.9345703125,1024,256,2.5,2.27,0.15,0.0
philow_shnone_gpfull_s01_c512h16,chronos-2:autogluon/chronos-2,0.6904299372920027,0.6386286173175235,0.984375,1024,256,0.8,0.76,0.01,0.0
philow_shnone_gpfull_s01_c512h256,chronos-2:autogluon/chronos-2,0.7357024980290898,0.6946594808301119,0.9814453125,1024,256,1.3,1.19,0.04,0.0
philow_shnone_gpfull_s01_c512h64,chronos-2:autogluon/chronos-2,0.6900433370585656,0.6493136217595508,0.9931640625,1024,256,0.9,0.83,0.01,0.0
philow_shnone_gpfull_s02_c512h1024,chronos-2:autogluon/chronos-2,0.8011647606494339,0.7670836591356724,0.9423828125,1024,256,2.5,2.27,0.15,0.0
philow_shnone_gpfull_s02_c512h16,chronos-2:autogluon/chronos-2,0.6873755933358973,0.6449476267864486,0.9892578125,1024,256,0.8,0.75,0.01,0.0
philow_shnone_gpfull_s02_c512h256,chronos-2:autogluon/chronos-2,0.7434537093981148,0.7146648008937664,0.9638671875,1024,256,1.2,1.15,0.04,0.0
philow_shnone_gpfull_s02_c512h64,chronos-2:autogluon/chronos-2,0.689145016284596,0.6582659741270924,0.9921875,1024,256,0.9,0.83,0.01,0.0
philow_shnone_gpfull_s03_c512h1024,chronos-2:autogluon/chronos-2,0.8091189622479825,0.7730772816475631,0.9365234375,1024,256,2.5,2.27,0.15,0.0
philow_shnone_gpfull_s03_c512h16,chronos-2:autogluon/chronos-2,0.6882921044246895,0.6420501173301914,0.9931640625,1024,256,0.8,0.75,0.01,0.0
philow_shnone_gpfull_s03_c512h256,chronos-2:autogluon/chronos-2,0.7447447692115112,0.710552672812327,0.9560546875,1024,256,1.3,1.19,0.04,0.0
philow_shnone_gpfull_s03_c512h64,chronos-2:autogluon/chronos-2,0.6970009205343918,0.6574922905006386,0.9912109375,1024,256,0.9,0.83,0.01,0.0
philow_shnone_gpfull_s04_c512h1024,chronos-2:autogluon/chronos-2,0.8077591677543139,0.7677972929683864,0.935546875,1024,256,2.5,2.29,0.15,0.0
philow_shnone_gpfull_s04_c512h16,chronos-2:autogluon/chronos-2,0.6933885210969797,0.6485846373183896,0.990234375,1024,256,0.8,0.76,0.01,0.0
philow_shnone_gpfull_s04_c512h256,chronos-2:autogluon/chronos-2,0.7458417612083444,0.7111671906462855,0.958984375,1024,256,2.6,2.48,0.04,0.0
philow_shnone_gpfull_s04_c512h64,chronos-2:autogluon/chronos-2,0.6969199220833141,0.6607120822042845,0.9951171875,1024,256,0.9,0.83,0.01,0.0
philow_shnone_gpfull_s05_c512h1024,chronos-2:autogluon/chronos-2,0.8002608669501439,0.7625179554773973,0.9443359375,1024,256,2.5,2.27,0.15,0.0
philow_shnone_gpfull_s05_c512h16,chronos-2:autogluon/chronos-2,0.7025761724832305,0.6476219455253758,0.9970703125,1024,256,0.8,0.75,0.01,0.0
philow_shnone_gpfull_s05_c512h256,chronos-2:autogluon/chronos-2,0.7504308588768895,0.7155885341539784,0.96484375,1024,256,1.4,1.33,0.04,0.0
philow_shnone_gpfull_s05_c512h64,chronos-2:autogluon/chronos-2,0.7041477747536112,0.6617206654992449,0.9970703125,1024,256,0.9,0.83,0.01,0.0
philow_shnone_gpfull_s06_c512h1024,chronos-2:autogluon/chronos-2,0.7964758549329337,0.7559564114487325,0.9599609375,1024,256,2.5,2.27,0.15,0.0
philow_shnone_gpfull_s06_c512h16,chronos-2:autogluon/chronos-2,0.6894490509567763,0.6395000746885169,0.986328125,1024,256,0.8,0.76,0.01,0.0
philow_shnone_gpfull_s06_c512h256,chronos-2:autogluon/chronos-2,0.7403268723721168,0.704041147233121,0.9755859375,1024,256,1.2,1.12,0.04,0.0
philow_shnone_gpfull_s06_c512h64,chronos-2:autogluon/chronos-2,0.6966531906723418,0.6564196851614503,0.9931640625,1024,256,0.9,0.83,0.01,0.0
philow_shnone_gpfull_s07_c512h1024,chronos-2:autogluon/chronos-2,0.7999500797192884,0.7629952327704062,0.9462890625,1024,256,2.6,2.42,0.15,0.0
philow_shnone_gpfull_s07_c512h16,chronos-2:autogluon/chronos-2,0.6928378952532801,0.651160011066519,0.984375,1024,256,0.8,0.75,0.01,0.0
philow_shnone_gpfull_s07_c512h256,chronos-2:autogluon/chronos-2,0.7431417752923087,0.7140891717597948,0.9609375,1024,256,1.2,1.16,0.04,0.0
philow_shnone_gpfull_s07_c512h64,chronos-2:autogluon/chronos-2,0.7016924389398351,0.6660987556821119,0.994140625,1024,256,0.9,0.84,0.01,0.0
philow_shnone_gphalf_s00_c512h1024,chronos-2:autogluon/chronos-2,0.8126373352081464,0.7702539832309625,0.94140625,1024,256,2.5,2.3,0.15,0.0
philow_shnone_gphalf_s00_c512h16,chronos-2:autogluon/chronos-2,0.6909613752176745,0.6457455223434616,0.9892578125,1024,256,0.8,0.76,0.01,0.0
philow_shnone_gphalf_s00_c512h256,chronos-2:autogluon/chronos-2,0.7482420361773576,0.7119012016539044,0.9619140625,1024,256,1.3,1.27,0.04,0.0
philow_shnone_gphalf_s00_c512h64,chronos-2:autogluon/chronos-2,0.6941267351409002,0.657041822134392,0.9912109375,1024,256,0.9,0.83,0.01,0.0
philow_shnone_gphalf_s01_c512h1024,chronos-2:autogluon/chronos-2,0.8203445869630032,0.7819362231042579,0.92578125,1024,256,2.5,2.34,0.15,0.0
philow_shnone_gphalf_s01_c512h16,chronos-2:autogluon/chronos-2,0.6903118316141035,0.6408721268831523,0.98828125,1024,256,0.8,0.76,0.01,0.0
philow_shnone_gphalf_s01_c512h256,chronos-2:autogluon/chronos-2,0.7558554918709826,0.7195019965403746,0.9609375,1024,256,1.2,1.16,0.04,0.0
philow_shnone_gphalf_s01_c512h64,chronos-2:autogluon/chronos-2,0.7028703349959617,0.660333678082476,0.990234375,1024,256,0.9,0.83,0.01,0.0
philow_shnone_gphalf_s02_c512h1024,chronos-2:autogluon/chronos-2,0.8068032145401831,0.7674463779253695,0.9453125,1024,256,2.5,2.29,0.15,0.0
philow_shnone_gphalf_s02_c512h16,chronos-2:autogluon/chronos-2,0.6970326250048975,0.6385641948055016,0.9892578125,1024,256,0.8,0.75,0.01,0.0
philow_shnone_gphalf_s02_c512h256,chronos-2:autogluon/chronos-2,0.7490940186431805,0.7093745634754092,0.9658203125,1024,256,2.7,2.61,0.04,0.0
philow_shnone_gphalf_s02_c512h64,chronos-2:autogluon/chronos-2,0.7050364299925824,0.6571846162630537,0.998046875,1024,256,0.9,0.84,0.01,0.0
philow_shnone_gphalf_s03_c512h1024,chronos-2:autogluon/chronos-2,0.8230410266790978,0.7855295693800348,0.935546875,1024,256,2.6,2.38,0.15,0.0
philow_shnone_gphalf_s03_c512h16,chronos-2:autogluon/chronos-2,0.692497158812891,0.6486115221865179,0.9892578125,1024,256,0.8,0.76,0.01,0.0
philow_shnone_gphalf_s03_c512h256,chronos-2:autogluon/chronos-2,0.7553222409060858,0.7212002885193076,0.9521484375,1024,256,1.2,1.13,0.04,0.0
philow_shnone_gphalf_s03_c512h64,chronos-2:autogluon/chronos-2,0.6991270100886016,0.6582416605443367,0.9970703125,1024,256,0.9,0.83,0.01,0.0
philow_shnone_gphalf_s04_c512h1024,chronos-2:autogluon/chronos-2,0.8029253042383125,0.7665104886576719,0.9482421875,1024,256,2.5,2.26,0.15,0.0
philow_shnone_gphalf_s04_c512h16,chronos-2:autogluon/chronos-2,0.7015321918363955,0.649049599340334,0.986328125,1024,256,0.8,0.75,0.01,0.0
philow_shnone_gphalf_s04_c512h256,chronos-2:autogluon/chronos-2,0.7515243438393308,0.7166400664120035,0.955078125,1024,256,1.3,1.21,0.04,0.0
philow_shnone_gphalf_s04_c512h64,chronos-2:autogluon/chronos-2,0.7018728058961928,0.6634517977140544,0.9931640625,1024,256,0.9,0.83,0.01,0.0
philow_shnone_gphalf_s05_c512h1024,chronos-2:autogluon/chronos-2,0.8081632913885176,0.7713104414148154,0.9453125,1024,256,2.5,2.31,0.15,0.0
philow_shnone_gphalf_s05_c512h16,chronos-2:autogluon/chronos-2,0.7046233060486266,0.649794813028919,0.9853515625,1024,256,0.8,0.75,0.01,0.0
philow_shnone_gphalf_s05_c512h256,chronos-2:autogluon/chronos-2,0.7575309520135667,0.7215796521261771,0.958984375,1024,256,1.2,1.13,0.04,0.0
philow_shnone_gphalf_s05_c512h64,chronos-2:autogluon/chronos-2,0.7041116647286909,0.6626125571402688,0.9912109375,1024,256,0.9,0.83,0.01,0.0
philow_shnone_gphalf_s06_c512h1024,chronos-2:autogluon/chronos-2,0.8227633451949609,0.7893394253910158,0.927734375,1024,256,2.5,2.35,0.15,0.0
philow_shnone_gphalf_s06_c512h16,chronos-2:autogluon/chronos-2,0.6940109026932315,0.6512611722849748,0.990234375,1024,256,0.8,0.76,0.01,0.0
philow_shnone_gphalf_s06_c512h256,chronos-2:autogluon/chronos-2,0.7587223626647494,0.7270173705008462,0.9599609375,1024,256,1.2,1.12,0.04,0.0
philow_shnone_gphalf_s06_c512h64,chronos-2:autogluon/chronos-2,0.706284910639551,0.6730293921889994,0.9931640625,1024,256,0.9,0.83,0.01,0.0
philow_shnone_gphalf_s07_c512h1024,chronos-2:autogluon/chronos-2,0.8090508106669951,0.7712290485311666,0.939453125,1024,256,2.5,2.34,0.15,0.0
philow_shnone_gphalf_s07_c512h16,chronos-2:autogluon/chronos-2,0.6981078707697032,0.6511254986639472,0.98828125,1024,256,0.8,0.76,0.01,0.0
philow_shnone_gphalf_s07_c512h256,chronos-2:autogluon/chronos-2,0.7496957330191828,0.71594488628633,0.97265625,1024,256,1.2,1.12,0.04,0.0
philow_shnone_gphalf_s07_c512h64,chronos-2:autogluon/chronos-2,0.6996077438917255,0.6615574224626188,0.990234375,1024,256,0.9,0.84,0.01,0.0
philow_shnone_gpno_s00_c512h1024,chronos-2:autogluon/chronos-2,0.8160432776589787,0.777583382680818,0.9365234375,1024,256,2.6,2.44,0.15,0.0
philow_shnone_gpno_s00_c512h16,chronos-2:autogluon/chronos-2,0.7010480575027807,0.6521899249777318,0.98828125,1024,256,0.8,0.76,0.01,0.0
philow_shnone_gpno_s00_c512h256,chronos-2:autogluon/chronos-2,0.7524981258801242,0.7191436868362058,0.958984375,1024,256,2.7,2.6,0.04,0.0
philow_shnone_gpno_s00_c512h64,chronos-2:autogluon/chronos-2,0.703281121671118,0.667075207523482,0.9892578125,1024,256,0.9,0.84,0.01,0.0
philow_shnone_gpno_s01_c512h1024,chronos-2:autogluon/chronos-2,0.8163335626567089,0.7783058973523934,0.947265625,1024,256,2.5,2.29,0.15,0.0
philow_shnone_gpno_s01_c512h16,chronos-2:autogluon/chronos-2,0.7015684890171163,0.6380282939625159,0.9912109375,1024,256,0.8,0.75,0.01,0.0
philow_shnone_gpno_s01_c512h256,chronos-2:autogluon/chronos-2,0.7511614610022006,0.7147838060446903,0.9638671875,1024,256,1.2,1.12,0.04,0.0
philow_shnone_gpno_s01_c512h64,chronos-2:autogluon/chronos-2,0.7019772301220829,0.6610091686734528,0.9931640625,1024,256,0.9,0.83,0.01,0.0
philow_shnone_gpno_s02_c512h1024,chronos-2:autogluon/chronos-2,0.8100070420578066,0.7726022720308543,0.9462890625,1024,256,2.4,2.26,0.15,0.0
philow_shnone_gpno_s02_c512h16,chronos-2:autogluon/chronos-2,0.6986259961057761,0.6476352896288546,0.984375,1024,256,0.8,0.75,0.01,0.0
philow_shnone_gpno_s02_c512h256,chronos-2:autogluon/chronos-2,0.7572605180962244,0.7230098925206019,0.9638671875,1024,256,1.2,1.11,0.04,0.0
philow_shnone_gpno_s02_c512h64,chronos-2:autogluon/chronos-2,0.7043820882254501,0.6651602751126318,0.9892578125,1024,256,0.9,0.82,0.01,0.0
philow_shnone_gpno_s03_c512h1024,chronos-2:autogluon/chronos-2,0.8063406104990235,0.7730664963416598,0.93359375,1024,256,2.5,2.28,0.15,0.0
philow_shnone_gpno_s03_c512h16,chronos-2:autogluon/chronos-2,0.6892494152489488,0.6482918933761629,0.982421875,1024,256,0.8,0.75,0.01,0.0
philow_shnone_gpno_s03_c512h256,chronos-2:autogluon/chronos-2,0.7558967669488529,0.7267906880605952,0.9541015625,1024,256,1.3,1.18,0.04,0.0
philow_shnone_gpno_s03_c512h64,chronos-2:autogluon/chronos-2,0.7007883006404858,0.6654707038459293,0.9931640625,1024,256,0.9,0.83,0.01,0.0
philow_shnone_gpno_s04_c512h1024,chronos-2:autogluon/chronos-2,0.8108740510403444,0.7770273790331914,0.9326171875,1024,256,2.5,2.28,0.15,0.0
philow_shnone_gpno_s04_c512h16,chronos-2:autogluon/chronos-2,0.6982819288039775,0.6462409564445588,0.9892578125,1024,256,0.8,0.75,0.01,0.0
philow_shnone_gpno_s04_c512h256,chronos-2:autogluon/chronos-2,0.7598261678922229,0.7285533739958289,0.94921875,1024,256,1.3,1.22,0.04,0.0
philow_shnone_gpno_s04_c512h64,chronos-2:autogluon/chronos-2,0.7058696604615434,0.6699768154445809,0.9921875,1024,256,0.9,0.83,0.01,0.0
philow_shnone_gpno_s05_c512h1024,chronos-2:autogluon/chronos-2,0.8181484460298001,0.7860637004919628,0.9169921875,1024,256,2.5,2.28,0.16,0.0
philow_shnone_gpno_s05_c512h16,chronos-2:autogluon/chronos-2,0.6970922235933164,0.649460727320323,0.9912109375,1024,256,0.8,0.76,0.01,0.0
philow_shnone_gpno_s05_c512h256,chronos-2:autogluon/chronos-2,0.7558010179939074,0.728478967101269,0.9462890625,1024,256,1.3,1.25,0.04,0.0
philow_shnone_gpno_s05_c512h64,chronos-2:autogluon/chronos-2,0.7045935706284583,0.6671093297025787,0.9873046875,1024,256,0.9,0.84,0.01,0.0
philow_shnone_gpno_s06_c512h1024,chronos-2:autogluon/chronos-2,0.8015352301947398,0.7660712207202515,0.951171875,1024,256,2.5,2.28,0.15,0.0
philow_shnone_gpno_s06_c512h16,chronos-2:autogluon/chronos-2,0.7023026397272576,0.6465700639470351,0.9873046875,1024,256,0.8,0.76,0.01,0.0
philow_shnone_gpno_s06_c512h256,chronos-2:autogluon/chronos-2,0.7520310367066911,0.7193018203848665,0.966796875,1024,256,1.3,1.2,0.04,0.0
philow_shnone_gpno_s06_c512h64,chronos-2:autogluon/chronos-2,0.7015400445496538,0.6635700006034873,0.994140625,1024,256,2.2,2.19,0.02,0.0
philow_shnone_gpno_s07_c512h1024,chronos-2:autogluon/chronos-2,0.8107518736410284,0.7761187890933389,0.943359375,1024,256,2.5,2.29,0.15,0.0
philow_shnone_gpno_s07_c512h16,chronos-2:autogluon/chronos-2,0.6954453617916814,0.646728154522617,0.9873046875,1024,256,0.8,0.76,0.01,0.0
philow_shnone_gpno_s07_c512h256,chronos-2:autogluon/chronos-2,0.7588181740989688,0.7254990297624786,0.9609375,1024,256,1.2,1.13,0.04,0.0
philow_shnone_gpno_s07_c512h64,chronos-2:autogluon/chronos-2,0.7088421186396612,0.6676398238042793,0.9931640625,1024,256,0.9,0.83,0.01,0.0
phimid_shall_gpfull_s00_c512h1024,chronos-2:autogluon/chronos-2,0.8064379358242398,0.8229368070759302,0.787109375,1024,256,2.5,2.33,0.15,0.0
phimid_shall_gpfull_s00_c512h16,chronos-2:autogluon/chronos-2,0.5768942881089121,0.5328873112104147,0.9921875,1024,256,0.8,0.74,0.01,0.0
phimid_shall_gpfull_s00_c512h256,chronos-2:autogluon/chronos-2,0.7072862096873695,0.716741253307801,0.8759765625,1024,256,1.3,1.18,0.04,0.0
phimid_shall_gpfull_s00_c512h64,chronos-2:autogluon/chronos-2,0.5875556902757093,0.5740315366632052,0.9755859375,1024,256,0.9,0.82,0.01,0.0
phimid_shall_gpfull_s01_c512h1024,chronos-2:autogluon/chronos-2,0.8091970634923542,0.8267368507586795,0.7587890625,1024,256,2.5,2.27,0.15,0.0
phimid_shall_gpfull_s01_c512h16,chronos-2:autogluon/chronos-2,0.576242145477199,0.5239698793864759,0.99609375,1024,256,0.8,0.75,0.01,0.0
phimid_shall_gpfull_s01_c512h256,chronos-2:autogluon/chronos-2,0.7096787199534176,0.7209162379882299,0.861328125,1024,256,1.2,1.12,0.04,0.0
phimid_shall_gpfull_s01_c512h64,chronos-2:autogluon/chronos-2,0.5878306386420123,0.5698869461321969,0.9736328125,1024,256,0.9,0.82,0.01,0.0
phimid_shall_gpfull_s02_c512h1024,chronos-2:autogluon/chronos-2,0.812677438937891,0.8351352076076757,0.751953125,1024,256,2.5,2.32,0.15,0.0
phimid_shall_gpfull_s02_c512h16,chronos-2:autogluon/chronos-2,0.5792976314582348,0.5360340128769787,0.9921875,1024,256,0.8,0.75,0.01,0.0
phimid_shall_gpfull_s02_c512h256,chronos-2:autogluon/chronos-2,0.7111419504910128,0.7297738452382805,0.857421875,1024,256,1.2,1.12,0.04,0.0
phimid_shall_gpfull_s02_c512h64,chronos-2:autogluon/chronos-2,0.593912394214053,0.5730915981309679,0.978515625,1024,256,0.9,0.83,0.01,0.0
phimid_shall_gpfull_s03_c512h1024,chronos-2:autogluon/chronos-2,0.8154600632774367,0.8291448058989352,0.765625,1024,256,2.6,2.42,0.15,0.0
phimid_shall_gpfull_s03_c512h16,chronos-2:autogluon/chronos-2,0.5793809837201414,0.5267623084768099,0.9951171875,1024,256,0.8,0.76,0.01,0.0
phimid_shall_gpfull_s03_c512h256,chronos-2:autogluon/chronos-2,0.7081566479138657,0.7165941464069293,0.8583984375,1024,256,1.2,1.12,0.04,0.0
phimid_shall_gpfull_s03_c512h64,chronos-2:autogluon/chronos-2,0.5899302042439974,0.567970214879467,0.9765625,1024,256,0.9,0.83,0.01,0.0
phimid_shall_gpfull_s04_c512h1024,chronos-2:autogluon/chronos-2,0.8195115880172887,0.8467165032859794,0.7412109375,1024,256,2.5,2.3,0.15,0.0
phimid_shall_gpfull_s04_c512h16,chronos-2:autogluon/chronos-2,0.5800984374251374,0.5337410171564143,0.9970703125,1024,256,0.8,0.76,0.01,0.0
phimid_shall_gpfull_s04_c512h256,chronos-2:autogluon/chronos-2,0.7083177279696793,0.7272004112364974,0.8623046875,1024,256,1.7,1.61,0.05,0.0
phimid_shall_gpfull_s04_c512h64,chronos-2:autogluon/chronos-2,0.591354453375578,0.5743885725225608,0.9833984375,1024,256,2.3,2.26,0.01,0.0
phimid_shall_gpfull_s05_c512h1024,chronos-2:autogluon/chronos-2,0.8140792126196682,0.8351643129290205,0.76171875,1024,256,2.4,2.21,0.14,0.0
phimid_shall_gpfull_s05_c512h16,chronos-2:autogluon/chronos-2,0.5714774341552407,0.533863472259754,0.99609375,1024,256,0.8,0.76,0.01,0.0
phimid_shall_gpfull_s05_c512h256,chronos-2:autogluon/chronos-2,0.7032508366287202,0.7249598435043901,0.859375,1024,256,1.4,1.29,0.04,0.0
phimid_shall_gpfull_s05_c512h64,chronos-2:autogluon/chronos-2,0.5871214173879181,0.5734872488113845,0.9736328125,1024,256,0.9,0.84,0.01,0.0
phimid_shall_gpfull_s06_c512h1024,chronos-2:autogluon/chronos-2,0.8025422817040762,0.8157832687261064,0.7919921875,1024,256,2.5,2.29,0.15,0.0
phimid_shall_gpfull_s06_c512h16,chronos-2:autogluon/chronos-2,0.5666866764053167,0.5248107634341193,0.9970703125,1024,256,0.8,0.72,0.01,0.0
phimid_shall_gpfull_s06_c512h256,chronos-2:autogluon/chronos-2,0.703376627602113,0.7095686729882401,0.8837890625,1024,256,1.2,1.14,0.04,0.0
phimid_shall_gpfull_s06_c512h64,chronos-2:autogluon/chronos-2,0.5855394902423969,0.5716289072132412,0.9794921875,1024,256,0.8,0.79,0.01,0.0
phimid_shall_gpfull_s07_c512h1024,chronos-2:autogluon/chronos-2,0.8210609368433677,0.8399808492628562,0.763671875,1024,256,2.5,2.28,0.15,0.0
phimid_shall_gpfull_s07_c512h16,chronos-2:autogluon/chronos-2,0.5724155340621355,0.5304698941725298,0.994140625,1024,256,0.8,0.76,0.01,0.0
phimid_shall_gpfull_s07_c512h256,chronos-2:autogluon/chronos-2,0.7126521200136386,0.7310875143710098,0.8564453125,1024,256,1.4,1.29,0.04,0.0
phimid_shall_gpfull_s07_c512h64,chronos-2:autogluon/chronos-2,0.5938002828068915,0.5832878842194662,0.9716796875,1024,256,0.9,0.83,0.01,0.0
phimid_shall_gphalf_s00_c512h1024,chronos-2:autogluon/chronos-2,0.8022357253888224,0.8191174802229737,0.79296875,1024,256,2.5,2.29,0.15,0.0
phimid_shall_gphalf_s00_c512h16,chronos-2:autogluon/chronos-2,0.5666297020418274,0.5299072139852008,0.9970703125,1024,256,0.8,0.75,0.01,0.0
phimid_shall_gphalf_s00_c512h256,chronos-2:autogluon/chronos-2,0.69870403882459,0.7111394141239133,0.8720703125,1024,256,1.2,1.11,0.04,0.0
phimid_shall_gphalf_s00_c512h64,chronos-2:autogluon/chronos-2,0.5809995835170891,0.5756822520698817,0.9765625,1024,256,0.9,0.83,0.01,0.0
phimid_shall_gphalf_s01_c512h1024,chronos-2:autogluon/chronos-2,0.8185520513038842,0.8420798324079446,0.7666015625,1024,256,2.5,2.31,0.15,0.0
phimid_shall_gphalf_s01_c512h16,chronos-2:autogluon/chronos-2,0.5756909679957254,0.5371150247262721,0.9951171875,1024,256,0.8,0.76,0.01,0.0
phimid_shall_gphalf_s01_c512h256,chronos-2:autogluon/chronos-2,0.7108427717700432,0.7290919741076405,0.8525390625,1024,256,1.2,1.13,0.04,0.0
phimid_shall_gphalf_s01_c512h64,chronos-2:autogluon/chronos-2,0.5898335935181453,0.5813542180377391,0.9765625,1024,256,0.9,0.83,0.01,0.0
phimid_shall_gphalf_s02_c512h1024,chronos-2:autogluon/chronos-2,0.8039409142259827,0.8208224732706848,0.7861328125,1024,256,2.5,2.28,0.15,0.0
phimid_shall_gphalf_s02_c512h16,chronos-2:autogluon/chronos-2,0.5713712786477028,0.5375585303563515,0.9951171875,1024,256,0.8,0.76,0.01,0.0
phimid_shall_gphalf_s02_c512h256,chronos-2:autogluon/chronos-2,0.7074541592116971,0.7252890345646984,0.8671875,1024,256,1.3,1.19,0.04,0.0
phimid_shall_gphalf_s02_c512h64,chronos-2:autogluon/chronos-2,0.5876729530635121,0.5732505192170997,0.9765625,1024,256,2.3,2.29,0.01,0.0
phimid_shall_gphalf_s03_c512h1024,chronos-2:autogluon/chronos-2,0.8125912567099712,0.8310512634073489,0.775390625,1024,256,2.4,2.23,0.14,0.0
phimid_shall_gphalf_s03_c512h16,chronos-2:autogluon/chronos-2,0.568433793673091,0.5282046645983828,0.9951171875,1024,256,0.8,0.76,0.01,0.0
phimid_shall_gphalf_s03_c512h256,chronos-2:autogluon/chronos-2,0.7172544525510891,0.7344780993950799,0.8466796875,1024,256,1.3,1.2,0.04,0.0
phimid_shall_gphalf_s03_c512h64,chronos-2:autogluon/chronos-2,0.5925996671910996,0.579556295636443,0.98046875,1024,256,0.9,0.83,0.01,0.0
phimid_shall_gphalf_s04_c512h1024,chronos-2:autogluon/chronos-2,0.8104545688414644,0.8304855901296501,0.7744140625,1024,256,2.5,2.27,0.15,0.0
phimid_shall_gphalf_s04_c512h16,chronos-2:autogluon/chronos-2,0.5637105742103883,0.5349302243595676,0.9921875,1024,256,0.8,0.73,0.01,0.0
phimid_shall_gphalf_s04_c512h256,chronos-2:autogluon/chronos-2,0.7102018032554535,0.7274606915175852,0.8525390625,1024,256,1.3,1.25,0.04,0.0
phimid_shall_gphalf_s04_c512h64,chronos-2:autogluon/chronos-2,0.5793171048441086,0.5747221354116743,0.9765625,1024,256,0.9,0.8,0.01,0.0
phimid_shall_gphalf_s05_c512h1024,chronos-2:autogluon/chronos-2,0.8028065488402416,0.8171591900436579,0.7861328125,1024,256,2.5,2.27,0.15,0.0
phimid_shall_gphalf_s05_c512h16,chronos-2:autogluon/chronos-2,0.565117818744191,0.5239201424664447,0.994140625,1024,256,0.8,0.76,0.01,0.0
phimid_shall_gphalf_s05_c512h256,chronos-2:autogluon/chronos-2,0.7027713049354474,0.7148611202404831,0.8671875,1024,256,1.3,1.21,0.04,0.0
phimid_shall_gphalf_s05_c512h64,chronos-2:autogluon/chronos-2,0.582335781387656,0.5716687443673842,0.97265625,1024,256,0.9,0.83,0.01,0.0
phimid_shall_gphalf_s06_c512h1024,chronos-2:autogluon/chronos-2,0.8018795202588164,0.8216598341871213,0.759765625,1024,256,2.5,2.29,0.15,0.0
phimid_shall_gphalf_s06_c512h16,chronos-2:autogluon/chronos-2,0.5684142054231813,0.5268839291054849,0.99609375,1024,256,0.8,0.76,0.01,0.0
phimid_shall_gphalf_s06_c512h256,chronos-2:autogluon/chronos-2,0.7077947709718889,0.7264749267676309,0.8603515625,1024,256,1.3,1.21,0.04,0.0
phimid_shall_gphalf_s06_c512h64,chronos-2:autogluon/chronos-2,0.5818334135392687,0.5746204166622662,0.974609375,1024,256,0.9,0.84,0.01,0.0
phimid_shall_gphalf_s07_c512h1024,chronos-2:autogluon/chronos-2,0.8051566440779284,0.8187160817104098,0.787109375,1024,256,2.5,2.28,0.15,0.0
phimid_shall_gphalf_s07_c512h16,chronos-2:autogluon/chronos-2,0.5744635592151706,0.522301472229834,0.998046875,1024,256,0.8,0.76,0.01,0.0
phimid_shall_gphalf_s07_c512h256,chronos-2:autogluon/chronos-2,0.7135671255570893,0.7213582851735834,0.8603515625,1024,256,1.2,1.13,0.04,0.0
phimid_shall_gphalf_s07_c512h64,chronos-2:autogluon/chronos-2,0.5886233013653688,0.5734628034841929,0.9765625,1024,256,0.9,0.83,0.02,0.0
phimid_shall_gpno_s00_c512h1024,chronos-2:autogluon/chronos-2,0.8045566805621895,0.8399790271071417,0.7314453125,1024,256,2.6,2.43,0.15,0.0
phimid_shall_gpno_s00_c512h16,chronos-2:autogluon/chronos-2,0.5631968869307795,0.525534419079356,0.9970703125,1024,256,0.8,0.77,0.01,0.0
phimid_shall_gpno_s00_c512h256,chronos-2:autogluon/chronos-2,0.6854442248705441,0.7177292563852093,0.8388671875,1024,256,1.3,1.26,0.04,0.0
phimid_shall_gpno_s00_c512h64,chronos-2:autogluon/chronos-2,0.5712847518600441,0.5688707525451104,0.9794921875,1024,256,2.3,2.27,0.01,0.0
phimid_shall_gpno_s01_c512h1024,chronos-2:autogluon/chronos-2,0.8105468831220177,0.8391972072147627,0.732421875,1024,256,2.4,2.25,0.14,0.0
phimid_shall_gpno_s01_c512h16,chronos-2:autogluon/chronos-2,0.5635248639988578,0.5269872771483414,0.99609375,1024,256,0.8,0.76,0.01,0.0
phimid_shall_gpno_s01_c512h256,chronos-2:autogluon/chronos-2,0.6974978714157639,0.7196278895851285,0.8447265625,1024,256,1.2,1.11,0.04,0.0
phimid_shall_gpno_s01_c512h64,chronos-2:autogluon/chronos-2,0.5762555433218838,0.5670951685672736,0.9736328125,1024,256,0.9,0.84,0.01,0.0
phimid_shall_gpno_s02_c512h1024,chronos-2:autogluon/chronos-2,0.807557649625537,0.8408313586274638,0.7275390625,1024,256,2.5,2.29,0.15,0.0
phimid_shall_gpno_s02_c512h16,chronos-2:autogluon/chronos-2,0.5633712289261731,0.5259077574894955,0.9970703125,1024,256,0.8,0.75,0.01,0.0
phimid_shall_gpno_s02_c512h256,chronos-2:autogluon/chronos-2,0.6824187887479307,0.7106168326822165,0.8564453125,1024,256,1.2,1.16,0.04,0.0
phimid_shall_gpno_s02_c512h64,chronos-2:autogluon/chronos-2,0.5746472777601508,0.5688220688308542,0.9765625,1024,256,0.9,0.82,0.01,0.0
phimid_shall_gpno_s03_c512h1024,chronos-2:autogluon/chronos-2,0.8065544502764301,0.8562994039980306,0.7197265625,1024,256,2.4,2.26,0.14,0.0
phimid_shall_gpno_s03_c512h16,chronos-2:autogluon/chronos-2,0.5610331786750515,0.5326750095133634,0.99609375,1024,256,0.8,0.73,0.01,0.0
phimid_shall_gpno_s03_c512h256,chronos-2:autogluon/chronos-2,0.6882976849275785,0.7298591812915195,0.837890625,1024,256,1.2,1.1,0.04,0.0
phimid_shall_gpno_s03_c512h64,chronos-2:autogluon/chronos-2,0.572602422525939,0.5755378713391668,0.9765625,1024,256,0.9,0.81,0.02,0.0
phimid_shall_gpno_s04_c512h1024,chronos-2:autogluon/chronos-2,0.8065890258092354,0.8405752221426289,0.740234375,1024,256,2.5,2.34,0.15,0.0
phimid_shall_gpno_s04_c512h16,chronos-2:autogluon/chronos-2,0.5719256625467012,0.5339067597135744,0.990234375,1024,256,0.8,0.73,0.01,0.0
phimid_shall_gpno_s04_c512h256,chronos-2:autogluon/chronos-2,0.6776930717480658,0.7032033489920344,0.8720703125,1024,256,1.4,1.32,0.04,0.0
phimid_shall_gpno_s04_c512h64,chronos-2:autogluon/chronos-2,0.5763304324388747,0.5692270689041107,0.9765625,1024,256,0.9,0.82,0.01,0.0
phimid_shall_gpno_s05_c512h1024,chronos-2:autogluon/chronos-2,0.8171595162913998,0.8633569544563428,0.720703125,1024,256,2.5,2.28,0.16,0.0
phimid_shall_gpno_s05_c512h16,chronos-2:autogluon/chronos-2,0.5671670249439368,0.5338757641167493,0.994140625,1024,256,0.8,0.76,0.01,0.0
phimid_shall_gpno_s05_c512h256,chronos-2:autogluon/chronos-2,0.6908680591120788,0.7236371120499451,0.8388671875,1024,256,1.2,1.12,0.04,0.0
phimid_shall_gpno_s05_c512h64,chronos-2:autogluon/chronos-2,0.5785349878464334,0.5777879858244181,0.9716796875,1024,256,0.9,0.83,0.01,0.0
phimid_shall_gpno_s06_c512h1024,chronos-2:autogluon/chronos-2,0.802021940974984,0.8415461813339646,0.73828125,1024,256,2.5,2.32,0.15,0.0
phimid_shall_gpno_s06_c512h16,chronos-2:autogluon/chronos-2,0.5726628609068526,0.5337622882127773,0.990234375,1024,256,0.8,0.79,0.01,0.0
phimid_shall_gpno_s06_c512h256,chronos-2:autogluon/chronos-2,0.6889962998525545,0.7238293833639835,0.8447265625,1024,256,1.3,1.17,0.05,0.0
phimid_shall_gpno_s06_c512h64,chronos-2:autogluon/chronos-2,0.5767945472395424,0.5712722349051598,0.9765625,1024,256,2.4,2.31,0.01,0.0
phimid_shall_gpno_s07_c512h1024,chronos-2:autogluon/chronos-2,0.8218815838239881,0.8606771508536666,0.720703125,1024,256,2.4,2.26,0.14,0.0
phimid_shall_gpno_s07_c512h16,chronos-2:autogluon/chronos-2,0.5525784087297273,0.5337951523547659,0.994140625,1024,256,0.8,0.75,0.01,0.0
phimid_shall_gpno_s07_c512h256,chronos-2:autogluon/chronos-2,0.7000109878051137,0.7327728319307776,0.8203125,1024,256,1.3,1.28,0.03,0.0
phimid_shall_gpno_s07_c512h64,chronos-2:autogluon/chronos-2,0.5778808526009456,0.577667738865044,0.966796875,1024,256,0.9,0.83,0.02,0.0
phimid_shhalf_gpfull_s00_c512h1024,chronos-2:autogluon/chronos-2,0.7819597959455622,0.8016443412632193,0.796875,1024,256,2.4,2.23,0.14,0.0
phimid_shhalf_gpfull_s00_c512h16,chronos-2:autogluon/chronos-2,0.569275472668199,0.5257954714737906,0.9970703125,1024,256,0.8,0.74,0.01,0.0
phimid_shhalf_gpfull_s00_c512h256,chronos-2:autogluon/chronos-2,0.6708545518131976,0.6869557089701868,0.8818359375,1024,256,1.2,1.1,0.04,0.0
phimid_shhalf_gpfull_s00_c512h64,chronos-2:autogluon/chronos-2,0.5729407617985263,0.5602989074814215,0.9794921875,1024,256,0.9,0.81,0.01,0.0
phimid_shhalf_gpfull_s01_c512h1024,chronos-2:autogluon/chronos-2,0.7956725878925164,0.8144695313195074,0.7841796875,1024,256,2.4,2.25,0.15,0.0
phimid_shhalf_gpfull_s01_c512h16,chronos-2:autogluon/chronos-2,0.5705765349652424,0.5263912920131442,0.9970703125,1024,256,0.8,0.74,0.01,0.0
phimid_shhalf_gpfull_s01_c512h256,chronos-2:autogluon/chronos-2,0.6863516906212537,0.69857856522833,0.8759765625,1024,256,1.3,1.26,0.04,0.0
phimid_shhalf_gpfull_s01_c512h64,chronos-2:autogluon/chronos-2,0.5785260359526292,0.5593157751668447,0.9853515625,1024,256,0.9,0.81,0.01,0.0
phimid_shhalf_gpfull_s02_c512h1024,chronos-2:autogluon/chronos-2,0.7921863630834112,0.8064422197187351,0.8037109375,1024,256,2.6,2.43,0.15,0.0
phimid_shhalf_gpfull_s02_c512h16,chronos-2:autogluon/chronos-2,0.5795113831162704,0.5242094117753594,0.998046875,1024,256,0.8,0.73,0.01,0.0
phimid_shhalf_gpfull_s02_c512h256,chronos-2:autogluon/chronos-2,0.6852591883872332,0.6934064324033611,0.8916015625,1024,256,1.2,1.16,0.04,0.0
phimid_shhalf_gpfull_s02_c512h64,chronos-2:autogluon/chronos-2,0.5824021872644658,0.5561806144292436,0.9853515625,1024,256,0.9,0.82,0.01,0.0
phimid_shhalf_gpfull_s03_c512h1024,chronos-2:autogluon/chronos-2,0.7902949261091041,0.8040004990282881,0.8125,1024,256,2.5,2.31,0.16,0.0
phimid_shhalf_gpfull_s03_c512h16,chronos-2:autogluon/chronos-2,0.5729271646183445,0.5288600384064659,0.9990234375,1024,256,0.8,0.76,0.01,0.0
phimid_shhalf_gpfull_s03_c512h256,chronos-2:autogluon/chronos-2,0.6927282444761184,0.6986245927134441,0.8935546875,1024,256,1.3,1.2,0.04,0.0
phimid_shhalf_gpfull_s03_c512h64,chronos-2:autogluon/chronos-2,0.5841971784680466,0.5636584688499577,0.9814453125,1024,256,0.9,0.84,0.01,0.0
phimid_shhalf_gpfull_s04_c512h1024,chronos-2:autogluon/chronos-2,0.7966219045519702,0.8172969763840048,0.775390625,1024,256,2.5,2.27,0.15,0.0
phimid_shhalf_gpfull_s04_c512h16,chronos-2:autogluon/chronos-2,0.5630061865319644,0.5226228776715431,0.99609375,1024,256,2.3,2.22,0.01,0.0
phimid_shhalf_gpfull_s04_c512h256,chronos-2:autogluon/chronos-2,0.6817711176336045,0.6958290551846508,0.8876953125,1024,256,1.3,1.24,0.05,0.0
phimid_shhalf_gpfull_s04_c512h64,chronos-2:autogluon/chronos-2,0.5764144063007302,0.5650973109524724,0.98046875,1024,256,0.9,0.88,0.02,0.0
phimid_shhalf_gpfull_s05_c512h1024,chronos-2:autogluon/chronos-2,0.7891007046292489,0.8058895790829226,0.7744140625,1024,256,2.4,2.21,0.15,0.0
phimid_shhalf_gpfull_s05_c512h16,chronos-2:autogluon/chronos-2,0.5659613092680151,0.5230859318145733,0.99609375,1024,256,0.8,0.75,0.01,0.0
phimid_shhalf_gpfull_s05_c512h256,chronos-2:autogluon/chronos-2,0.692747752265345,0.705798431313047,0.8740234375,1024,256,1.2,1.1,0.04,0.0
phimid_shhalf_gpfull_s05_c512h64,chronos-2:autogluon/chronos-2,0.5783126719683362,0.55866584737521,0.9853515625,1024,256,0.9,0.83,0.01,0.0
phimid_shhalf_gpfull_s06_c512h1024,chronos-2:autogluon/chronos-2,0.7971161571449065,0.8188391007875608,0.794921875,1024,256,2.6,2.41,0.15,0.0
phimid_shhalf_gpfull_s06_c512h16,chronos-2:autogluon/chronos-2,0.5760283945209664,0.5310363351518093,0.9951171875,1024,256,0.8,0.73,0.01,0.0
phimid_shhalf_gpfull_s06_c512h256,chronos-2:autogluon/chronos-2,0.688164714287886,0.7021170907514128,0.876953125,1024,256,1.2,1.09,0.04,0.0
phimid_shhalf_gpfull_s06_c512h64,chronos-2:autogluon/chronos-2,0.5798935368688485,0.5658197328535524,0.9794921875,1024,256,0.9,0.8,0.01,0.0
phimid_shhalf_gpfull_s07_c512h1024,chronos-2:autogluon/chronos-2,0.8135318613417397,0.8365913712140036,0.7607421875,1024,256,2.5,2.31,0.15,0.0
phimid_shhalf_gpfull_s07_c512h16,chronos-2:autogluon/chronos-2,0.572083312810415,0.5286549032526796,0.9912109375,1024,256,0.8,0.76,0.01,0.0
phimid_shhalf_gpfull_s07_c512h256,chronos-2:autogluon/chronos-2,0.6969222593280462,0.7162647097054866,0.8662109375,1024,256,1.2,1.12,0.03,0.0
phimid_shhalf_gpfull_s07_c512h64,chronos-2:autogluon/chronos-2,0.5816304442581641,0.5757203054734048,0.9794921875,1024,256,0.9,0.84,0.01,0.0
phimid_shhalf_gphalf_s00_c512h1024,chronos-2:autogluon/chronos-2,0.8142513322109255,0.8366470949852269,0.779296875,1024,256,2.5,2.3,0.15,0.0
phimid_shhalf_gphalf_s00_c512h16,chronos-2:autogluon/chronos-2,0.5720323385309188,0.5344764401069995,0.9931640625,1024,256,0.8,0.76,0.01,0.0
phimid_shhalf_gphalf_s00_c512h256,chronos-2:autogluon/chronos-2,0.7017996423957404,0.7172748265555624,0.8603515625,1024,256,1.2,1.15,0.03,0.0
phimid_shhalf_gphalf_s00_c512h64,chronos-2:autogluon/chronos-2,0.5833111171345222,0.5781664728195082,0.970703125,1024,256,0.9,0.83,0.01,0.0
phimid_shhalf_gphalf_s01_c512h1024,chronos-2:autogluon/chronos-2,0.8090424282777484,0.8274530769557158,0.7646484375,1024,256,2.5,2.3,0.16,0.0
phimid_shhalf_gphalf_s01_c512h16,chronos-2:autogluon/chronos-2,0.5508769192408294,0.5286747099412931,0.9912109375,1024,256,0.8,0.76,0.01,0.0
phimid_shhalf_gphalf_s01_c512h256,chronos-2:autogluon/chronos-2,0.7057519926730773,0.7196583312666457,0.859375,1024,256,1.3,1.25,0.04,0.0
phimid_shhalf_gphalf_s01_c512h64,chronos-2:autogluon/chronos-2,0.582517069326802,0.5736449731100365,0.982421875,1024,256,0.9,0.83,0.01,0.0
phimid_shhalf_gphalf_s02_c512h1024,chronos-2:autogluon/chronos-2,0.8055460039405938,0.8167202800200831,0.787109375,1024,256,2.5,2.29,0.15,0.0
phimid_shhalf_gphalf_s02_c512h16,chronos-2:autogluon/chronos-2,0.5719741518445476,0.5271010084130832,0.9951171875,1024,256,2.2,2.2,0.01,0.0
phimid_shhalf_gphalf_s02_c512h256,chronos-2:autogluon/chronos-2,0.7024176377361367,0.7121403648858217,0.86328125,1024,256,1.3,1.27,0.04,0.0
phimid_shhalf_gphalf_s02_c512h64,chronos-2:autogluon/chronos-2,0.5794522273082198,0.5687109022985193,0.9833984375,1024,256,0.9,0.86,0.02,0.0
phimid_shhalf_gphalf_s03_c512h1024,chronos-2:autogluon/chronos-2,0.7998277437134252,0.8222599147530616,0.791015625,1024,256,2.4,2.26,0.14,0.0
phimid_shhalf_gphalf_s03_c512h16,chronos-2:autogluon/chronos-2,0.5647251586321251,0.5241534566130516,0.99609375,1024,256,0.8,0.76,0.01,0.0
phimid_shhalf_gphalf_s03_c512h256,chronos-2:autogluon/chronos-2,0.6928487834224689,0.7058952544949069,0.8681640625,1024,256,1.2,1.11,0.04,0.0
phimid_shhalf_gphalf_s03_c512h64,chronos-2:autogluon/chronos-2,0.5788923438655472,0.5713628418351713,0.9765625,1024,256,0.9,0.83,0.01,0.0
phimid_shhalf_gphalf_s04_c512h1024,chronos-2:autogluon/chronos-2,0.807986292110318,0.8229741415070917,0.787109375,1024,256,2.5,2.29,0.14,0.0
phimid_shhalf_gphalf_s04_c512h16,chronos-2:autogluon/chronos-2,0.5737442602045026,0.530919104640714,0.9990234375,1024,256,0.8,0.75,0.01,0.0
phimid_shhalf_gphalf_s04_c512h256,chronos-2:autogluon/chronos-2,0.7119963623473121,0.7254621821385,0.857421875,1024,256,1.3,1.18,0.04,0.0
phimid_shhalf_gphalf_s04_c512h64,chronos-2:autogluon/chronos-2,0.5882793754638227,0.572068906740939,0.978515625,1024,256,0.9,0.83,0.01,0.0
phimid_shhalf_gphalf_s05_c512h1024,chronos-2:autogluon/chronos-2,0.8025058192262942,0.8271609614419275,0.77734375,1024,256,2.5,2.27,0.15,0.0
phimid_shhalf_gphalf_s05_c512h16,chronos-2:autogluon/chronos-2,0.5658863795424912,0.5300118419804025,0.99609375,1024,256,0.8,0.73,0.01,0.0
phimid_shhalf_gphalf_s05_c512h256,chronos-2:autogluon/chronos-2,0.701041395660796,0.7231983371852125,0.8701171875,1024,256,1.2,1.08,0.04,0.0
phimid_shhalf_gphalf_s05_c512h64,chronos-2:autogluon/chronos-2,0.5800002490249855,0.5757510926908916,0.9755859375,1024,256,0.9,0.8,0.01,0.0
phimid_shhalf_gphalf_s06_c512h1024,chronos-2:autogluon/chronos-2,0.7950023916797572,0.8005140991598396,0.7978515625,1024,256,2.5,2.27,0.15,0.0
phimid_shhalf_gphalf_s06_c512h16,chronos-2:autogluon/chronos-2,0.5726569523244885,0.5232775093045476,0.998046875,1024,256,0.8,0.75,0.01,0.0
phimid_shhalf_gphalf_s06_c512h256,chronos-2:autogluon/chronos-2,0.6943807570141447,0.7023494230162327,0.87890625,1024,256,1.2,1.13,0.04,0.0
phimid_shhalf_gphalf_s06_c512h64,chronos-2:autogluon/chronos-2,0.5792037769499527,0.5596990684793847,0.98828125,1024,256,0.9,0.83,0.01,0.0
phimid_shhalf_gphalf_s07_c512h1024,chronos-2:autogluon/chronos-2,0.800651320239804,0.8220831916577123,0.7744140625,1024,256,2.7,2.45,0.15,0.0
phimid_shhalf_gphalf_s07_c512h16,chronos-2:autogluon/chronos-2,0.5625282938352136,0.5249576337316136,0.998046875,1024,256,0.8,0.75,0.01,0.0
phimid_shhalf_gphalf_s07_c512h256,chronos-2:autogluon/chronos-2,0.6975499662849607,0.7179521678419971,0.853515625,1024,256,1.2,1.11,0.04,0.0
phimid_shhalf_gphalf_s07_c512h64,chronos-2:autogluon/chronos-2,0.5777173951800245,0.5701122101064329,0.986328125,1024,256,0.9,0.83,0.01,0.0
phimid_shhalf_gpno_s00_c512h1024,chronos-2:autogluon/chronos-2,0.7996671730289583,0.8380697025642082,0.7275390625,1024,256,2.5,2.3,0.15,0.0
phimid_shhalf_gpno_s00_c512h16,chronos-2:autogluon/chronos-2,0.5656004386845326,0.5274968927578961,0.9931640625,1024,256,2.3,2.21,0.01,0.0
phimid_shhalf_gpno_s00_c512h256,chronos-2:autogluon/chronos-2,0.6816417372572485,0.7093448799885098,0.8515625,1024,256,1.2,1.16,0.04,0.0
phimid_shhalf_gpno_s00_c512h64,chronos-2:autogluon/chronos-2,0.5748813432164619,0.5692979731090713,0.9755859375,1024,256,0.9,0.86,0.01,0.0
phimid_shhalf_gpno_s01_c512h1024,chronos-2:autogluon/chronos-2,0.8059615321875885,0.8406911930552337,0.724609375,1024,256,2.5,2.27,0.15,0.0
phimid_shhalf_gpno_s01_c512h16,chronos-2:autogluon/chronos-2,0.5574950068231531,0.525628706894413,0.9931640625,1024,256,0.8,0.76,0.01,0.0
phimid_shhalf_gpno_s01_c512h256,chronos-2:autogluon/chronos-2,0.6874039610083948,0.7159193923627939,0.8544921875,1024,256,1.2,1.13,0.04,0.0
phimid_shhalf_gpno_s01_c512h64,chronos-2:autogluon/chronos-2,0.5714934182973302,0.5665761879956048,0.9775390625,1024,256,0.9,0.81,0.01,0.0
phimid_shhalf_gpno_s02_c512h1024,chronos-2:autogluon/chronos-2,0.8113220407073536,0.8541977054655663,0.71484375,1024,256,2.4,2.26,0.15,0.0
phimid_shhalf_gpno_s02_c512h16,chronos-2:autogluon/chronos-2,0.5650630158816203,0.533799812718244,0.9931640625,1024,256,0.8,0.74,0.01,0.0
phimid_shhalf_gpno_s02_c512h256,chronos-2:autogluon/chronos-2,0.6933478413940879,0.7279564952234783,0.8466796875,1024,256,1.2,1.1,0.04,0.0
phimid_shhalf_gpno_s02_c512h64,chronos-2:autogluon/chronos-2,0.5793453821747396,0.5776931845988931,0.974609375,1024,256,0.9,0.81,0.01,0.0
phimid_shhalf_gpno_s03_c512h1024,chronos-2:autogluon/chronos-2,0.7986301446965063,0.8361751119086409,0.7431640625,1024,256,2.4,2.24,0.14,0.0
phimid_shhalf_gpno_s03_c512h16,chronos-2:autogluon/chronos-2,0.5587052442101981,0.5278106622475497,0.99609375,1024,256,0.8,0.75,0.01,0.0
phimid_shhalf_gpno_s03_c512h256,chronos-2:autogluon/chronos-2,0.6847979932792536,0.7181572136430457,0.8544921875,1024,256,1.3,1.2,0.04,0.0
phimid_shhalf_gpno_s03_c512h64,chronos-2:autogluon/chronos-2,0.5731724936137762,0.5729140629712863,0.9716796875,1024,256,0.9,0.81,0.01,0.0
phimid_shhalf_gpno_s04_c512h1024,chronos-2:autogluon/chronos-2,0.8074105398149998,0.851266638036106,0.728515625,1024,256,2.5,2.28,0.15,0.0
phimid_shhalf_gpno_s04_c512h16,chronos-2:autogluon/chronos-2,0.5685544212174378,0.5378888585808019,0.998046875,1024,256,0.8,0.74,0.01,0.0
phimid_shhalf_gpno_s04_c512h256,chronos-2:autogluon/chronos-2,0.6931478442211598,0.7249722769711491,0.84765625,1024,256,1.2,1.13,0.04,0.0
phimid_shhalf_gpno_s04_c512h64,chronos-2:autogluon/chronos-2,0.5747535254501521,0.5763139753242493,0.9775390625,1024,256,0.9,0.84,0.01,0.0
phimid_shhalf_gpno_s05_c512h1024,chronos-2:autogluon/chronos-2,0.8207069207989796,0.8616563318473387,0.724609375,1024,256,2.6,2.35,0.16,0.0
phimid_shhalf_gpno_s05_c512h16,chronos-2:autogluon/chronos-2,0.5677674848253107,0.5369194690094445,0.9931640625,1024,256,0.8,0.76,0.01,0.0
phimid_shhalf_gpno_s05_c512h256,chronos-2:autogluon/chronos-2,0.6938275936468326,0.7255349755565342,0.8369140625,1024,256,1.2,1.16,0.04,0.0
phimid_shhalf_gpno_s05_c512h64,chronos-2:autogluon/chronos-2,0.58133397829396,0.5749677704133127,0.9736328125,1024,256,0.9,0.83,0.01,0.0
phimid_shhalf_gpno_s06_c512h1024,chronos-2:autogluon/chronos-2,0.812388896896714,0.8578580865364949,0.7236328125,1024,256,2.5,2.27,0.15,0.0
phimid_shhalf_gpno_s06_c512h16,chronos-2:autogluon/chronos-2,0.5667054848215647,0.5347704064625807,0.99609375,1024,256,0.8,0.78,0.01,0.0
phimid_shhalf_gpno_s06_c512h256,chronos-2:autogluon/chronos-2,0.6853155689978396,0.7203412463960761,0.845703125,1024,256,1.5,1.4,0.04,0.0
phimid_shhalf_gpno_s06_c512h64,chronos-2:autogluon/chronos-2,0.5697529915123964,0.5665290955983902,0.984375,1024,256,2.4,2.32,0.01,0.0
phimid_shhalf_gpno_s07_c512h1024,chronos-2:autogluon/chronos-2,0.8046576915794617,0.8337212134919505,0.736328125,1024,256,2.4,2.23,0.15,0.0
phimid_shhalf_gpno_s07_c512h16,chronos-2:autogluon/chronos-2,0.5633331883007732,0.5204954695558099,0.9951171875,1024,256,0.8,0.75,0.01,0.0
phimid_shhalf_gpno_s07_c512h256,chronos-2:autogluon/chronos-2,0.6819443154030278,0.7060545647740732,0.849609375,1024,256,1.2,1.14,0.04,0.0
phimid_shhalf_gpno_s07_c512h64,chronos-2:autogluon/chronos-2,0.5743354231079401,0.5638358557450521,0.9794921875,1024,256,0.9,0.81,0.01,0.0
phimid_shnone_gpfull_s00_c512h1024,chronos-2:autogluon/chronos-2,0.7750896520766404,0.7962807503495986,0.8125,1024,256,2.4,2.23,0.14,0.0
phimid_shnone_gpfull_s00_c512h16,chronos-2:autogluon/chronos-2,0.5586882981978226,0.5220523445569323,0.9970703125,1024,256,0.8,0.74,0.01,0.0
phimid_shnone_gpfull_s00_c512h256,chronos-2:autogluon/chronos-2,0.6566420069361092,0.6772466022656206,0.892578125,1024,256,1.2,1.1,0.04,0.0
phimid_shnone_gpfull_s00_c512h64,chronos-2:autogluon/chronos-2,0.5627881374251759,0.5515584667941136,0.98828125,1024,256,0.9,0.82,0.01,0.0
phimid_shnone_gpfull_s01_c512h1024,chronos-2:autogluon/chronos-2,0.7910593931913953,0.8129947259863305,0.79296875,1024,256,2.4,2.23,0.15,0.0
phimid_shnone_gpfull_s01_c512h16,chronos-2:autogluon/chronos-2,0.566726542175628,0.5248894309096857,0.998046875,1024,256,0.8,0.74,0.01,0.0
phimid_shnone_gpfull_s01_c512h256,chronos-2:autogluon/chronos-2,0.6727978921722342,0.6872487824107658,0.8798828125,1024,256,1.2,1.1,0.04,0.0
phimid_shnone_gpfull_s01_c512h64,chronos-2:autogluon/chronos-2,0.5720978781595379,0.5565403189471032,0.9892578125,1024,256,0.9,0.81,0.01,0.0
phimid_shnone_gpfull_s02_c512h1024,chronos-2:autogluon/chronos-2,0.7759623546066255,0.7911250317719566,0.8056640625,1024,256,2.5,2.28,0.15,0.0
phimid_shnone_gpfull_s02_c512h16,chronos-2:autogluon/chronos-2,0.5710975265316252,0.5230011812262358,0.998046875,1024,256,0.8,0.76,0.01,0.0
phimid_shnone_gpfull_s02_c512h256,chronos-2:autogluon/chronos-2,0.664135875534322,0.674151777768436,0.900390625,1024,256,1.2,1.16,0.03,0.0
phimid_shnone_gpfull_s02_c512h64,chronos-2:autogluon/chronos-2,0.5680445834492454,0.547246502830365,0.9892578125,1024,256,0.9,0.84,0.02,0.0
phimid_shnone_gpfull_s03_c512h1024,chronos-2:autogluon/chronos-2,0.7790214448406079,0.7997508932718818,0.81640625,1024,256,2.6,2.37,0.16,0.0
phimid_shnone_gpfull_s03_c512h16,chronos-2:autogluon/chronos-2,0.5670591348386536,0.5290715635786245,0.998046875,1024,256,0.8,0.76,0.01,0.0
phimid_shnone_gpfull_s03_c512h256,chronos-2:autogluon/chronos-2,0.6706062146623392,0.6816662480020825,0.89453125,1024,256,1.2,1.14,0.04,0.0
phimid_shnone_gpfull_s03_c512h64,chronos-2:autogluon/chronos-2,0.5765465039395347,0.5610520447363381,0.9794921875,1024,256,0.9,0.83,0.01,0.0
phimid_shnone_gpfull_s04_c512h1024,chronos-2:autogluon/chronos-2,0.7758087938569687,0.7985263477729201,0.79296875,1024,256,2.5,2.31,0.15,0.0
phimid_shnone_gpfull_s04_c512h16,chronos-2:autogluon/chronos-2,0.555607241276235,0.5138478647779043,0.9970703125,1024,256,0.8,0.79,0.01,0.0
phimid_shnone_gpfull_s04_c512h256,chronos-2:autogluon/chronos-2,0.6628792481391413,0.6800506345268343,0.890625,1024,256,1.3,1.22,0.03,0.0
phimid_shnone_gpfull_s04_c512h64,chronos-2:autogluon/chronos-2,0.5657631708553473,0.5524717085645697,0.9873046875,1024,256,2.4,2.29,0.02,0.0
phimid_shnone_gpfull_s05_c512h1024,chronos-2:autogluon/chronos-2,0.761888565387643,0.7700304595099584,0.8115234375,1024,256,2.4,2.23,0.15,0.0
phimid_shnone_gpfull_s05_c512h16,chronos-2:autogluon/chronos-2,0.5651021390150645,0.5121765088536602,0.9970703125,1024,256,0.8,0.74,0.01,0.0
phimid_shnone_gpfull_s05_c512h256,chronos-2:autogluon/chronos-2,0.6593969717389523,0.661990978456164,0.9013671875,1024,256,1.2,1.09,0.04,0.0
phimid_shnone_gpfull_s05_c512h64,chronos-2:autogluon/chronos-2,0.5585176188742911,0.5388741192016087,0.9921875,1024,256,0.9,0.81,0.01,0.0
phimid_shnone_gpfull_s06_c512h1024,chronos-2:autogluon/chronos-2,0.7736444836330835,0.7946506634474958,0.818359375,1024,256,2.4,2.24,0.15,0.0
phimid_shnone_gpfull_s06_c512h16,chronos-2:autogluon/chronos-2,0.5811927491086475,0.5266201368180803,0.99609375,1024,256,0.8,0.74,0.01,0.0
phimid_shnone_gpfull_s06_c512h256,chronos-2:autogluon/chronos-2,0.6751669526264419,0.6849440724897092,0.8974609375,1024,256,1.3,1.24,0.04,0.0
phimid_shnone_gpfull_s06_c512h64,chronos-2:autogluon/chronos-2,0.5772964298071322,0.5543489946751915,0.986328125,1024,256,0.9,0.81,0.01,0.0
phimid_shnone_gpfull_s07_c512h1024,chronos-2:autogluon/chronos-2,0.7935403365866437,0.810820515868869,0.783203125,1024,256,2.4,2.24,0.15,0.0
phimid_shnone_gpfull_s07_c512h16,chronos-2:autogluon/chronos-2,0.5691661007729472,0.5283093161799675,0.994140625,1024,256,0.8,0.75,0.01,0.0
phimid_shnone_gpfull_s07_c512h256,chronos-2:autogluon/chronos-2,0.6781720806411706,0.6912053615410777,0.87109375,1024,256,1.3,1.24,0.04,0.0
phimid_shnone_gpfull_s07_c512h64,chronos-2:autogluon/chronos-2,0.5726765019399118,0.5615650511247796,0.986328125,1024,256,0.9,0.82,0.01,0.0
phimid_shnone_gphalf_s00_c512h1024,chronos-2:autogluon/chronos-2,0.8006897399053878,0.8178144138367573,0.8017578125,1024,256,2.6,2.36,0.15,0.0
phimid_shnone_gphalf_s00_c512h16,chronos-2:autogluon/chronos-2,0.5644210393766161,0.5257536853002408,0.9951171875,1024,256,0.8,0.76,0.01,0.0
phimid_shnone_gphalf_s00_c512h256,chronos-2:autogluon/chronos-2,0.682129316063165,0.6909334037679702,0.8857421875,1024,256,1.3,1.25,0.04,0.0
phimid_shnone_gphalf_s00_c512h64,chronos-2:autogluon/chronos-2,0.5792676745377444,0.5691157391864212,0.9794921875,1024,256,0.9,0.83,0.01,0.0
phimid_shnone_gphalf_s01_c512h1024,chronos-2:autogluon/chronos-2,0.7969672308574556,0.8046794518588265,0.791015625,1024,256,2.6,2.4,0.16,0.0
phimid_shnone_gphalf_s01_c512h16,chronos-2:autogluon/chronos-2,0.5555233364175823,0.5223868631247396,0.9951171875,1024,256,0.8,0.76,0.01,0.0
phimid_shnone_gphalf_s01_c512h256,chronos-2:autogluon/chronos-2,0.6840274922957766,0.6900451268620139,0.890625,1024,256,1.3,1.2,0.05,0.0
phimid_shnone_gphalf_s01_c512h64,chronos-2:autogluon/chronos-2,0.5705513825014887,0.5588106098485413,0.990234375,1024,256,1.0,0.84,0.01,0.0
phimid_shnone_gphalf_s02_c512h1024,chronos-2:autogluon/chronos-2,0.8004712428115595,0.821496817484438,0.7802734375,1024,256,2.4,2.25,0.14,0.0
phimid_shnone_gphalf_s02_c512h16,chronos-2:autogluon/chronos-2,0.5713833428548881,0.5304604595887885,0.9951171875,1024,256,2.2,2.19,0.01,0.0
phimid_shnone_gphalf_s02_c512h256,chronos-2:autogluon/chronos-2,0.695317026178577,0.7144967550091152,0.8603515625,1024,256,1.2,1.11,0.04,0.0
phimid_shnone_gphalf_s02_c512h64,chronos-2:autogluon/chronos-2,0.580182048079261,0.5724455023805868,0.9755859375,1024,256,0.9,0.83,0.01,0.0
phimid_shnone_gphalf_s03_c512h1024,chronos-2:autogluon/chronos-2,0.8115967766738652,0.8382119087751352,0.7802734375,1024,256,2.4,2.22,0.15,0.0
phimid_shnone_gphalf_s03_c512h16,chronos-2:autogluon/chronos-2,0.5685155206643245,0.5338613657371879,0.9951171875,1024,256,0.8,0.74,0.01,0.0
phimid_shnone_gphalf_s03_c512h256,chronos-2:autogluon/chronos-2,0.7049283868574274,0.7216804865137416,0.8447265625,1024,256,1.2,1.09,0.05,0.0
phimid_shnone_gphalf_s03_c512h64,chronos-2:autogluon/chronos-2,0.5816871228512106,0.57880582725035,0.9794921875,1024,256,0.9,0.81,0.01,0.0
phimid_shnone_gphalf_s04_c512h1024,chronos-2:autogluon/chronos-2,0.798242324100786,0.8041182442801167,0.7958984375,1024,256,2.4,2.25,0.15,0.0
phimid_shnone_gphalf_s04_c512h16,chronos-2:autogluon/chronos-2,0.5635033353934411,0.5208277626464769,0.994140625,1024,256,0.8,0.74,0.01,0.0
phimid_shnone_gphalf_s04_c512h256,chronos-2:autogluon/chronos-2,0.7032505042181787,0.7087599066028871,0.861328125,1024,256,1.3,1.23,0.04,0.0
phimid_shnone_gphalf_s04_c512h64,chronos-2:autogluon/chronos-2,0.5811929553164654,0.5620219291927774,0.984375,1024,256,0.9,0.82,0.01,0.0
phimid_shnone_gphalf_s05_c512h1024,chronos-2:autogluon/chronos-2,0.8031913663288033,0.835319514268218,0.765625,1024,256,2.4,2.25,0.15,0.0
phimid_shnone_gphalf_s05_c512h16,chronos-2:autogluon/chronos-2,0.5699638227373136,0.5331075186612826,0.998046875,1024,256,0.8,0.74,0.01,0.0
phimid_shnone_gphalf_s05_c512h256,chronos-2:autogluon/chronos-2,0.7088176238110426,0.7352522223019848,0.8515625,1024,256,1.2,1.1,0.04,0.0
phimid_shnone_gphalf_s05_c512h64,chronos-2:autogluon/chronos-2,0.5800904396670723,0.5805315853462045,0.974609375,1024,256,0.9,0.82,0.01,0.0
phimid_shnone_gphalf_s06_c512h1024,chronos-2:autogluon/chronos-2,0.7921337387796705,0.7988574525483986,0.80078125,1024,256,2.5,2.3,0.15,0.0
phimid_shnone_gphalf_s06_c512h16,chronos-2:autogluon/chronos-2,0.5670400155988193,0.5205967115120993,0.9990234375,1024,256,0.8,0.76,0.01,0.0
phimid_shnone_gphalf_s06_c512h256,chronos-2:autogluon/chronos-2,0.6909963068175679,0.6970376702512304,0.880859375,1024,256,1.2,1.13,0.05,0.0
phimid_shnone_gphalf_s06_c512h64,chronos-2:autogluon/chronos-2,0.5781927398344209,0.5555282067054996,0.9912109375,1024,256,0.9,0.84,0.01,0.0
phimid_shnone_gphalf_s07_c512h1024,chronos-2:autogluon/chronos-2,0.791366963716208,0.817753469941128,0.7763671875,1024,256,2.6,2.38,0.16,0.0
phimid_shnone_gphalf_s07_c512h16,chronos-2:autogluon/chronos-2,0.5619724935103569,0.5264385609806684,0.9990234375,1024,256,0.8,0.76,0.01,0.0
phimid_shnone_gphalf_s07_c512h256,chronos-2:autogluon/chronos-2,0.6914711516443635,0.7154877180512267,0.8505859375,1024,256,1.4,1.34,0.04,0.0
phimid_shnone_gphalf_s07_c512h64,chronos-2:autogluon/chronos-2,0.5696181139743686,0.563946350535282,0.9833984375,1024,256,0.9,0.84,0.01,0.0
phimid_shnone_gpno_s00_c512h1024,chronos-2:autogluon/chronos-2,0.8044730978297268,0.8445529166591603,0.724609375,1024,256,2.5,2.26,0.15,0.0
phimid_shnone_gpno_s00_c512h16,chronos-2:autogluon/chronos-2,0.5702024223346236,0.5317779906910626,0.9951171875,1024,256,2.3,2.21,0.01,0.0
phimid_shnone_gpno_s00_c512h256,chronos-2:autogluon/chronos-2,0.6815789641974768,0.7115615913616653,0.8564453125,1024,256,1.2,1.14,0.04,0.0
phimid_shnone_gpno_s00_c512h64,chronos-2:autogluon/chronos-2,0.5728759764763469,0.5692624446225863,0.978515625,1024,256,0.9,0.83,0.01,0.0
phimid_shnone_gpno_s01_c512h1024,chronos-2:autogluon/chronos-2,0.7970643218752099,0.828380171710317,0.744140625,1024,256,2.5,2.29,0.15,0.0
phimid_shnone_gpno_s01_c512h16,chronos-2:autogluon/chronos-2,0.5640032017843637,0.5243847386129528,0.994140625,1024,256,0.8,0.74,0.01,0.0
phimid_shnone_gpno_s01_c512h256,chronos-2:autogluon/chronos-2,0.6757538752513392,0.7001378813415866,0.869140625,1024,256,1.3,1.23,0.04,0.0
phimid_shnone_gpno_s01_c512h64,chronos-2:autogluon/chronos-2,0.5734510839091569,0.5644548590248383,0.974609375,1024,256,0.9,0.81,0.01,0.0
phimid_shnone_gpno_s02_c512h1024,chronos-2:autogluon/chronos-2,0.8111138151536523,0.854403531912149,0.71484375,1024,256,2.4,2.24,0.14,0.0
phimid_shnone_gpno_s02_c512h16,chronos-2:autogluon/chronos-2,0.5650658640175334,0.533069676138644,0.9912109375,1024,256,0.8,0.73,0.01,0.0
phimid_shnone_gpno_s02_c512h256,chronos-2:autogluon/chronos-2,0.6891401350606727,0.7231276792632513,0.84375,1024,256,1.3,1.24,0.04,0.0
phimid_shnone_gpno_s02_c512h64,chronos-2:autogluon/chronos-2,0.5751939255507974,0.5712907482981155,0.9736328125,1024,256,0.9,0.81,0.01,0.0
phimid_shnone_gpno_s03_c512h1024,chronos-2:autogluon/chronos-2,0.807924964159882,0.8511379392851001,0.73828125,1024,256,2.5,2.3,0.15,0.0
phimid_shnone_gpno_s03_c512h16,chronos-2:autogluon/chronos-2,0.5631584519607666,0.5293779373990288,0.9912109375,1024,256,0.8,0.74,0.01,0.0
phimid_shnone_gpno_s03_c512h256,chronos-2:autogluon/chronos-2,0.6857284841531659,0.7179028357639105,0.84765625,1024,256,1.2,1.09,0.04,0.0
phimid_shnone_gpno_s03_c512h64,chronos-2:autogluon/chronos-2,0.5730737036686063,0.5730654489013192,0.974609375,1024,256,0.9,0.81,0.01,0.0
phimid_shnone_gpno_s04_c512h1024,chronos-2:autogluon/chronos-2,0.8122145231642697,0.8520742167621462,0.7197265625,1024,256,2.5,2.34,0.15,0.0
phimid_shnone_gpno_s04_c512h16,chronos-2:autogluon/chronos-2,0.5598022899049123,0.5365216720562389,0.9951171875,1024,256,0.8,0.76,0.01,0.0
phimid_shnone_gpno_s04_c512h256,chronos-2:autogluon/chronos-2,0.6991746567514298,0.7321730219494176,0.83203125,1024,256,1.2,1.14,0.04,0.0
phimid_shnone_gpno_s04_c512h64,chronos-2:autogluon/chronos-2,0.5760097626408549,0.5782540692643992,0.9755859375,1024,256,0.9,0.84,0.01,0.0
phimid_shnone_gpno_s05_c512h1024,chronos-2:autogluon/chronos-2,0.8226826473135864,0.8650386751220036,0.7109375,1024,256,2.6,2.43,0.15,0.0
phimid_shnone_gpno_s05_c512h16,chronos-2:autogluon/chronos-2,0.5633490669428813,0.5380837700602782,0.9970703125,1024,256,0.8,0.76,0.01,0.0
phimid_shnone_gpno_s05_c512h256,chronos-2:autogluon/chronos-2,0.6993426351960457,0.7362916271878577,0.830078125,1024,256,1.3,1.18,0.04,0.0
phimid_shnone_gpno_s05_c512h64,chronos-2:autogluon/chronos-2,0.5830882810666362,0.5825124729173481,0.970703125,1024,256,0.9,0.86,0.01,0.0
phimid_shnone_gpno_s06_c512h1024,chronos-2:autogluon/chronos-2,0.8012675036813249,0.8394699776172841,0.7353515625,1024,256,2.4,2.23,0.14,0.0
phimid_shnone_gpno_s06_c512h16,chronos-2:autogluon/chronos-2,0.5674788050060944,0.5319685896048707,0.9921875,1024,256,2.2,2.18,0.01,0.0
phimid_shnone_gpno_s06_c512h256,chronos-2:autogluon/chronos-2,0.6884773955445308,0.7215649044152379,0.841796875,1024,256,1.2,1.11,0.04,0.0
phimid_shnone_gpno_s06_c512h64,chronos-2:autogluon/chronos-2,0.5776009416546629,0.5737949269755591,0.9765625,1024,256,0.9,0.83,0.01,0.0
phimid_shnone_gpno_s07_c512h1024,chronos-2:autogluon/chronos-2,0.8028729185036416,0.834407847265007,0.7353515625,1024,256,2.4,2.24,0.14,0.0
phimid_shnone_gpno_s07_c512h16,chronos-2:autogluon/chronos-2,0.5647825274651499,0.5251421867438645,0.99609375,1024,256,0.8,0.73,0.01,0.0
phimid_shnone_gpno_s07_c512h256,chronos-2:autogluon/chronos-2,0.6824847730004364,0.7071004334961228,0.84765625,1024,256,1.4,1.27,0.04,0.0
phimid_shnone_gpno_s07_c512h64,chronos-2:autogluon/chronos-2,0.5712372858237098,0.5623108292058913,0.982421875,1024,256,0.9,0.8,0.01,0.0
