dataset,model,WQL,MASE,win_rate,n_valid_mase,n_series,elapsed_s,forecast_s,metric_s,vis_s,repeat1_WQL,repeat1_MASE,repeat2_WQL,repeat2_MASE,coe_mau_repeat1_count,coe_mau_repeat1_sum,coe_mau_repeat1_sum_sq,coe_mau_repeat1_min,coe_mau_repeat1_max,coe_mau_repeat2_count,coe_mau_repeat2_sum,coe_mau_repeat2_sum_sq,coe_mau_repeat2_min,coe_mau_repeat2_max,coe_repeat1_mauhist_under,coe_repeat1_mauhist_over,coe_repeat1_mauhist_nan,coe_repeat1_mauhist_b00,coe_repeat1_mauhist_b01,coe_repeat1_mauhist_b02,coe_repeat1_mauhist_b03,coe_repeat1_mauhist_b04,coe_repeat1_mauhist_b05,coe_repeat1_mauhist_b06,coe_repeat1_mauhist_b07,coe_repeat1_mauhist_b08,coe_repeat1_mauhist_b09,coe_repeat1_mauhist_b10,coe_repeat1_mauhist_b11,coe_repeat1_mauhist_b12,coe_repeat1_mauhist_b13,coe_repeat1_mauhist_b14,coe_repeat1_mauhist_b15,coe_repeat1_mauhist_b16,coe_repeat1_mauhist_b17,coe_repeat1_mauhist_b18,coe_repeat1_mauhist_b19,coe_repeat1_mauhist_b20,coe_repeat1_mauhist_b21,coe_repeat1_mauhist_b22,coe_repeat1_mauhist_b23,coe_repeat1_mauhist_b24,coe_repeat1_mauhist_b25,coe_repeat1_mauhist_b26,coe_repeat1_mauhist_b27,coe_repeat2_mauhist_under,coe_repeat2_mauhist_over,coe_repeat2_mauhist_nan,coe_repeat2_mauhist_b00,coe_repeat2_mauhist_b01,coe_repeat2_mauhist_b02,coe_repeat2_mauhist_b03,coe_repeat2_mauhist_b04,coe_repeat2_mauhist_b05,coe_repeat2_mauhist_b06,coe_repeat2_mauhist_b07,coe_repeat2_mauhist_b08,coe_repeat2_mauhist_b09,coe_repeat2_mauhist_b10,coe_repeat2_mauhist_b11,coe_repeat2_mauhist_b12,coe_repeat2_mauhist_b13,coe_repeat2_mauhist_b14,coe_repeat2_mauhist_b15,coe_repeat2_mauhist_b16,coe_repeat2_mauhist_b17,coe_repeat2_mauhist_b18,coe_repeat2_mauhist_b19,coe_repeat2_mauhist_b20,coe_repeat2_mauhist_b21,coe_repeat2_mauhist_b22,coe_repeat2_mauhist_b23,coe_repeat2_mauhist_b24,coe_repeat2_mauhist_b25,coe_repeat2_mauhist_b26,coe_repeat2_mauhist_b27,coe_es_0p05_depth_sum,coe_es_0p05_depth_n,coe_es_0p05_WQL,coe_es_0p05_MASE,coe_es_0p01_depth_sum,coe_es_0p01_depth_n,coe_es_0p01_WQL,coe_es_0p01_MASE,coe_es_0p001_depth_sum,coe_es_0p001_depth_n,coe_es_0p001_WQL,coe_es_0p001_MASE
H16_phihigh_rhohigh_s00,eo:model-step=010400-wql=0.2141-mase=0.9670-composite=0.5152,0.4594823978138558,0.5277028047459131,0.91015625,1024,128,8.1,6.92,0.01,0.0,0.506317897840541,0.5557867449442566,0.4594823978138558,0.5277028047459131,1024,686.7817607671022,537.7860272281409,0.07883957028388977,1.4827451705932617,1024,146.09793081879616,29.662253532420664,0.01879747211933136,0.6234763860702515,0,0,0,0,0,0,0,0,0,0,0,0,0,0,0,0,0,0,1,13,72,288,505,145,0,0,0,0,0,0,0,0,0,0,0,0,0,0,0,0,0,0,0,0,0,0,0,11,129,292,307,220,63,2,0,0,0,0,0,0,0,0,2048.0,1024,0.4594823978138558,0.5277028047459131,2048.0,1024,0.4594823978138558,0.5277028047459131,2048.0,1024,0.4594823978138558,0.5277028047459131
H16_phihigh_rhohigh_s01,eo:model-step=010400-wql=0.2141-mase=0.9670-composite=0.5152,0.4503152582005311,0.5274128140833398,0.9072265625,1024,128,6.6,4.79,0.01,0.0,0.4805911936423988,0.5376901496382107,0.4503152582005311,0.5274128140833398,1024,675.4285422489047,518.5246188713853,0.056971363723278046,1.4484241008758545,1024,151.2592134643346,31.926762200508428,0.021153656765818596,0.6218165159225464,0,0,0,0,0,0,0,0,0,0,0,0,0,0,0,0,0,0,2,13,72,345,445,147,0,0,0,0,0,0,0,0,0,0,0,0,0,0,0,0,0,0,0,0,0,0,0,11,130,271,301,240,68,3,0,0,0,0,0,0,0,0,2048.0,1024,0.4503152582005311,0.5274128140833398,2048.0,1024,0.4503152582005311,0.5274128140833398,2048.0,1024,0.4503152582005311,0.5274128140833398
H16_phihigh_rhohigh_s02,eo:model-step=010400-wql=0.2141-mase=0.9670-composite=0.5152,0.45323093804550707,0.5305922536762475,0.91015625,1024,128,6.3,4.8,0.01,0.0,0.48353676711167204,0.5323459480887855,0.45323093804550707,0.5305922536762475,1024,683.0117315724492,533.8022966038039,0.0820489227771759,1.5653135776519775,1024,151.90502826683223,31.826975508417974,0.02130110189318657,0.5798487663269043,0,0,0,0,0,0,0,0,0,0,0,0,0,0,0,0,0,0,3,9,77,325,481,129,0,0,0,0,0,0,0,0,0,0,0,0,0,0,0,0,0,0,0,0,0,0,0,7,130,281,284,250,70,2,0,0,0,0,0,0,0,0,2048.0,1024,0.45323093804550707,0.5305922536762475,2048.0,1024,0.45323093804550707,0.5305922536762475,2048.0,1024,0.45323093804550707,0.5305922536762475
H16_phihigh_rhohigh_s03,eo:model-step=010400-wql=0.2141-mase=0.9670-composite=0.5152,0.44829439130941356,0.513010626660656,0.9345703125,1024,128,6.7,4.82,0.01,0.0,0.4867426273134771,0.5311895036737966,0.44829439130941356,0.513010626660656,1024,693.9678054228425,553.8023393998037,0.08715665340423584,1.49104642868042,1024,148.46760021708906,30.530151809382687,0.0195779912173748,0.5416482090950012,0,0,0,0,0,0,0,0,0,0,0,0,0,0,0,0,0,0,1,9,67,345,438,164,0,0,0,0,0,0,0,0,0,0,0,0,0,0,0,0,0,0,0,0,0,0,0,7,115,302,301,237,62,0,0,0,0,0,0,0,0,0,2048.0,1024,0.44829439130941356,0.513010626660656,2048.0,1024,0.44829439130941356,0.513010626660656,2048.0,1024,0.44829439130941356,0.513010626660656
H16_phihigh_rhohigh_s04,eo:model-step=010400-wql=0.2141-mase=0.9670-composite=0.5152,0.4722235378066557,0.5257713333813802,0.9208984375,1024,128,5.6,4.81,0.01,0.0,0.508672900611377,0.53330281625724,0.4722235378066557,0.5257713333813802,1024,685.6005725041032,539.608902446981,0.0700451135635376,1.5915662050247192,1024,154.18735288642347,33.40978480065739,0.01696038246154785,0.5690484642982483,0,0,0,0,0,0,0,0,0,0,0,0,0,0,0,0,0,0,4,14,67,333,458,148,0,0,0,0,0,0,0,0,0,0,0,0,0,0,0,0,0,0,0,0,0,0,1,6,126,278,288,247,77,1,0,0,0,0,0,0,0,0,2048.0,1024,0.4722235378066557,0.5257713333813802,2048.0,1024,0.4722235378066557,0.5257713333813802,2048.0,1024,0.4722235378066557,0.5257713333813802
H16_phihigh_rhohigh_s05,eo:model-step=010400-wql=0.2141-mase=0.9670-composite=0.5152,0.4487471343685455,0.5317429778137728,0.9091796875,1024,128,7.6,6.09,0.01,0.0,0.47720083864587215,0.5385005998848222,0.4487471343685455,0.5317429778137728,1024,692.7245758771896,546.6025691142045,0.08571907132863998,1.5213329792022705,1024,150.19674849137664,31.89455387732269,0.016018345952033997,0.6445849537849426,0,0,0,0,0,0,0,0,0,0,0,0,0,0,0,0,0,0,2,13,72,298,506,133,0,0,0,0,0,0,0,0,0,0,0,0,0,0,0,0,0,0,0,0,0,0,1,10,132,293,284,236,65,3,0,0,0,0,0,0,0,0,2048.0,1024,0.4487471343685455,0.5317429778137728,2048.0,1024,0.4487471343685455,0.5317429778137728,2048.0,1024,0.4487471343685455,0.5317429778137728
H16_phihigh_rhohigh_s06,eo:model-step=010400-wql=0.2141-mase=0.9670-composite=0.5152,0.4660890795781375,0.5110152865413021,0.9169921875,1024,128,6.1,4.8,0.01,0.0,0.5147697104097643,0.5385658893558654,0.4660890795781375,0.5110152865413021,1024,671.6361444890499,513.4371067061583,0.06586053222417831,1.4429898262023926,1024,152.9950938075781,32.590467320600965,0.017978282645344734,0.5589885711669922,0,0,0,0,0,0,0,0,0,0,0,0,0,0,0,0,0,0,4,8,79,331,479,123,0,0,0,0,0,0,0,0,0,0,0,0,0,0,0,0,0,0,0,0,0,0,0,12,105,303,301,218,85,0,0,0,0,0,0,0,0,0,2048.0,1024,0.4660890795781375,0.5110152865413021,2048.0,1024,0.4660890795781375,0.5110152865413021,2048.0,1024,0.4660890795781375,0.5110152865413021
H16_phihigh_rhohigh_s07,eo:model-step=010400-wql=0.2141-mase=0.9670-composite=0.5152,0.4565980700802371,0.5223230899584246,0.91796875,1024,128,6.3,4.81,0.01,0.0,0.49238128830146355,0.5364139465702326,0.4565980700802371,0.5223230899584246,1024,701.6951417811215,563.5769160985792,0.03830975294113159,1.5713379383087158,1024,149.31654045917094,31.436176414236716,0.01758291944861412,0.578288733959198,0,0,0,0,0,0,0,0,0,0,0,0,0,0,0,0,0,1,1,8,57,340,452,165,0,0,0,0,0,0,0,0,0,0,0,0,0,0,0,0,0,0,0,0,0,0,1,16,143,272,287,240,63,2,0,0,0,0,0,0,0,0,2048.0,1024,0.4565980700802371,0.5223230899584246,2048.0,1024,0.4565980700802371,0.5223230899584246,2048.0,1024,0.4565980700802371,0.5223230899584246
H16_phihigh_rhohigh_s08,eo:model-step=010400-wql=0.2141-mase=0.9670-composite=0.5152,0.4684010708640055,0.5303337506352805,0.9306640625,1024,128,6.3,4.81,0.01,0.0,0.5157079500873671,0.5570034345723346,0.4684010708640055,0.5303337506352805,1024,684.0128242596984,536.7573339009664,0.09412307292222977,1.491335391998291,1024,151.8102660831064,32.612140046865534,0.021073490381240845,0.6105482578277588,0,0,0,0,0,0,0,0,0,0,0,0,0,0,0,0,0,0,1,13,70,317,487,136,0,0,0,0,0,0,0,0,0,0,0,0,0,0,0,0,0,0,0,0,0,0,0,11,124,288,290,232,78,1,0,0,0,0,0,0,0,0,2048.0,1024,0.4684010708640055,0.5303337506352805,2048.0,1024,0.4684010708640055,0.5303337506352805,2048.0,1024,0.4684010708640055,0.5303337506352805
H16_phihigh_rhohigh_s09,eo:model-step=010400-wql=0.2141-mase=0.9670-composite=0.5152,0.4476030413291193,0.5152984732471747,0.9248046875,1024,128,6.1,4.84,0.01,0.0,0.4765510319585743,0.5227152687830849,0.4476030413291193,0.5152984732471747,1024,682.4220572039485,531.6912269184799,0.058620013296604156,1.5149319171905518,1024,150.426472697407,31.330154199638883,0.021334197372198105,0.5834059715270996,0,0,0,0,0,0,0,0,0,0,0,0,0,0,0,0,0,0,1,9,72,342,467,133,0,0,0,0,0,0,0,0,0,0,0,0,0,0,0,0,0,0,0,0,0,0,0,12,142,264,288,243,74,1,0,0,0,0,0,0,0,0,2048.0,1024,0.4476030413291193,0.5152984732471747,2048.0,1024,0.4476030413291193,0.5152984732471747,2048.0,1024,0.4476030413291193,0.5152984732471747
H16_phihigh_rhohigh_s10,eo:model-step=010400-wql=0.2141-mase=0.9670-composite=0.5152,0.4581379070521544,0.520155655629845,0.921875,1024,128,7.7,6.2,0.01,0.0,0.48304593046543404,0.5252419257824716,0.4581379070521544,0.520155655629845,1024,677.9464691802859,524.3604328545755,0.0971703752875328,1.5515010356903076,1024,151.14593429118395,32.538674049329416,0.025165781378746033,0.6293590068817139,0,0,0,0,0,0,0,0,0,0,0,0,0,0,0,0,0,0,1,9,72,340,476,126,0,0,0,0,0,0,0,0,0,0,0,0,0,0,0,0,0,0,0,0,0,0,0,12,141,281,289,222,78,1,0,0,0,0,0,0,0,0,2048.0,1024,0.4581379070521544,0.520155655629845,2048.0,1024,0.4581379070521544,0.520155655629845,2048.0,1024,0.4581379070521544,0.520155655629845
H16_phihigh_rhohigh_s11,eo:model-step=010400-wql=0.2141-mase=0.9670-composite=0.5152,0.4740608147331774,0.5136855149320616,0.921875,1024,128,5.6,4.84,0.01,0.0,0.5116832038721031,0.5270660208167506,0.4740608147331774,0.5136855149320616,1024,671.234806958586,520.7774401114316,0.054848406463861465,1.4668502807617188,1024,145.67273294366896,29.159458913736117,0.021755998954176903,0.621657133102417,0,0,0,0,0,0,0,0,0,0,0,0,0,0,0,0,0,1,4,15,88,308,469,139,0,0,0,0,0,0,0,0,0,0,0,0,0,0,0,0,0,0,0,0,0,0,0,8,120,305,311,222,56,2,0,0,0,0,0,0,0,0,2048.0,1024,0.4740608147331774,0.5136855149320616,2048.0,1024,0.4740608147331774,0.5136855149320616,2048.0,1024,0.4740608147331774,0.5136855149320616
H16_phihigh_rhohigh_s12,eo:model-step=010400-wql=0.2141-mase=0.9670-composite=0.5152,0.4564682585676017,0.5229138255787471,0.9150390625,1024,128,6.1,4.82,0.01,0.0,0.48465167387183206,0.5240060393205497,0.4564682585676017,0.5229138255787471,1024,682.7738201618195,535.5328833724047,0.05455867201089859,1.5379120111465454,1024,146.7368582971394,30.34357332691333,0.02579021453857422,0.5181753039360046,0,0,0,0,0,0,0,0,0,0,0,0,0,0,0,0,0,1,5,13,64,321,479,141,0,0,0,0,0,0,0,0,0,0,0,0,0,0,0,0,0,0,0,0,0,0,0,14,129,301,286,229,65,0,0,0,0,0,0,0,0,0,2048.0,1024,0.4564682585676017,0.5229138255787471,2048.0,1024,0.4564682585676017,0.5229138255787471,2048.0,1024,0.4564682585676017,0.5229138255787471
H16_phihigh_rhohigh_s13,eo:model-step=010400-wql=0.2141-mase=0.9670-composite=0.5152,0.45108286645214146,0.5160137559852341,0.9267578125,1024,128,6.3,4.85,0.01,0.0,0.48541332120767844,0.5252315513987481,0.45108286645214146,0.5160137559852341,1024,679.4447524175048,526.5753475287311,0.0794580802321434,1.5911264419555664,1024,149.06831420212984,30.916245645074056,0.022314200177788734,0.5388238430023193,0,0,0,0,0,0,0,0,0,0,0,0,0,0,0,0,0,0,3,11,69,328,479,134,0,0,0,0,0,0,0,0,0,0,0,0,0,0,0,0,0,0,0,0,0,0,0,12,128,304,265,251,64,0,0,0,0,0,0,0,0,0,2048.0,1024,0.45108286645214146,0.5160137559852341,2048.0,1024,0.45108286645214146,0.5160137559852341,2048.0,1024,0.45108286645214146,0.5160137559852341
H16_phihigh_rhohigh_s14,eo:model-step=010400-wql=0.2141-mase=0.9670-composite=0.5152,0.4481375764975437,0.5375614945507102,0.916015625,1024,128,6.8,4.82,0.01,0.0,0.48252737761018294,0.5440808631112648,0.4481375764975437,0.5375614945507102,1024,682.7971394956112,532.3026070710653,0.0894336849451065,1.5426242351531982,1024,153.6478702686727,32.404359424397974,0.024101268500089645,0.5592038035392761,0,0,0,0,0,0,0,0,0,0,0,0,0,0,0,0,0,0,2,11,69,331,472,139,0,0,0,0,0,0,0,0,0,0,0,0,0,0,0,0,0,0,0,0,0,0,0,9,95,302,302,235,81,0,0,0,0,0,0,0,0,0,2048.0,1024,0.4481375764975437,0.5375614945507102,2048.0,1024,0.4481375764975437,0.5375614945507102,2048.0,1024,0.4481375764975437,0.5375614945507102
H16_phihigh_rhohigh_s15,eo:model-step=010400-wql=0.2141-mase=0.9670-composite=0.5152,0.4426573832280637,0.5150907955054929,0.927734375,1024,128,8.2,6.21,0.01,0.0,0.47967498274175013,0.5276159240344396,0.4426573832280637,0.5150907955054929,1024,670.2251358926296,515.2765438183594,0.12413746118545532,1.420829176902771,1024,152.99354777485132,32.110112868600915,0.020485570654273033,0.5996567010879517,0,0,0,0,0,0,0,0,0,0,0,0,0,0,0,0,0,0,0,15,76,344,448,141,0,0,0,0,0,0,0,0,0,0,0,0,0,0,0,0,0,0,0,0,0,0,0,8,119,264,324,232,76,1,0,0,0,0,0,0,0,0,2048.0,1024,0.4426573832280637,0.5150907955054929,2048.0,1024,0.4426573832280637,0.5150907955054929,2048.0,1024,0.4426573832280637,0.5150907955054929
H16_phihigh_rholow_s00,eo:model-step=010400-wql=0.2141-mase=0.9670-composite=0.5152,0.4477712227013871,0.5194502597581057,0.9287109375,1024,128,6.7,4.89,0.01,0.0,0.48031820077804066,0.5341045722352298,0.4477712227013871,0.5194502597581057,1024,689.2758786082268,546.4737414308964,0.07188593596220016,1.5050077438354492,1024,148.18650689907372,30.83481471004727,0.024353764951229095,0.5297811627388,0,0,0,0,0,0,0,0,0,0,0,0,0,0,0,0,0,0,3,13,75,319,464,150,0,0,0,0,0,0,0,0,0,0,0,0,0,0,0,0,0,0,0,0,0,0,0,11,143,269,311,227,63,0,0,0,0,0,0,0,0,0,2048.0,1024,0.4477712227013871,0.5194502597581057,2048.0,1024,0.4477712227013871,0.5194502597581057,2048.0,1024,0.4477712227013871,0.5194502597581057
H16_phihigh_rholow_s01,eo:model-step=010400-wql=0.2141-mase=0.9670-composite=0.5152,0.4525053862898669,0.5293614393432129,0.9130859375,1024,128,6.8,4.88,0.01,0.0,0.481790086691976,0.5359295850218478,0.4525053862898669,0.5293614393432129,1024,677.87655775249,521.4785539385296,0.0675501674413681,1.5694630146026611,1024,149.20327441953123,30.75333881303234,0.022134099155664444,0.5584949254989624,0,0,0,0,0,0,0,0,0,0,0,0,0,0,0,0,0,0,2,14,57,338,488,125,0,0,0,0,0,0,0,0,0,0,0,0,0,0,0,0,0,0,0,0,0,0,0,13,126,305,271,248,61,0,0,0,0,0,0,0,0,0,2048.0,1024,0.4525053862898669,0.5293614393432129,2048.0,1024,0.4525053862898669,0.5293614393432129,2048.0,1024,0.4525053862898669,0.5293614393432129
H16_phihigh_rholow_s02,eo:model-step=010400-wql=0.2141-mase=0.9670-composite=0.5152,0.44806699277146045,0.5225101479902411,0.9228515625,1024,128,6.1,4.85,0.01,0.0,0.47693293927905567,0.534384904343856,0.44806699277146045,0.5225101479902411,1024,679.0121598914266,530.0965453513869,0.06383254379034042,1.467937707901001,1024,149.46576178073883,31.16581215223917,0.019860558211803436,0.6487659811973572,0,0,0,0,0,0,0,0,0,0,0,0,0,0,0,0,0,0,2,9,80,328,462,143,0,0,0,0,0,0,0,0,0,0,0,0,0,0,0,0,0,0,0,0,0,0,0,11,133,281,304,230,64,1,0,0,0,0,0,0,0,0,2048.0,1024,0.44806699277146045,0.5225101479902411,2048.0,1024,0.44806699277146045,0.5225101479902411,2048.0,1024,0.44806699277146045,0.5225101479902411
H16_phihigh_rholow_s03,eo:model-step=010400-wql=0.2141-mase=0.9670-composite=0.5152,0.44961701302136214,0.5115391762429923,0.9287109375,1024,128,6.2,4.85,0.01,0.0,0.49307032251336097,0.5332042351333041,0.44961701302136214,0.5115391762429923,1024,695.7271360531449,558.8761053915516,0.10808324068784714,1.593827247619629,1024,151.10082218050957,31.342719382450667,0.020736008882522583,0.5569532513618469,0,0,0,0,0,0,0,0,0,0,0,0,0,0,0,0,0,0,0,14,75,315,464,156,0,0,0,0,0,0,0,0,0,0,0,0,0,0,0,0,0,0,0,0,0,0,0,9,110,291,306,236,72,0,0,0,0,0,0,0,0,0,2048.0,1024,0.44961701302136214,0.5115391762429923,2048.0,1024,0.44961701302136214,0.5115391762429923,2048.0,1024,0.44961701302136214,0.5115391762429923
H16_phihigh_rholow_s04,eo:model-step=010400-wql=0.2141-mase=0.9670-composite=0.5152,0.44960376086390147,0.5126154419117724,0.9248046875,1024,128,7.6,6.2,0.01,0.0,0.48798771115273437,0.5387863017359988,0.44960376086390147,0.5126154419117724,1024,691.7525639161468,546.3473366852404,0.1000925675034523,1.4911060333251953,1024,150.77101667411625,31.54580182287724,0.020537247881293297,0.5472642779350281,0,0,0,0,0,0,0,0,0,0,0,0,0,0,0,0,0,0,0,18,65,325,460,156,0,0,0,0,0,0,0,0,0,0,0,0,0,0,0,0,0,0,0,0,0,0,0,8,129,265,321,232,69,0,0,0,0,0,0,0,0,0,2048.0,1024,0.44960376086390147,0.5126154419117724,2048.0,1024,0.44960376086390147,0.5126154419117724,2048.0,1024,0.44960376086390147,0.5126154419117724
H16_phihigh_rholow_s05,eo:model-step=010400-wql=0.2141-mase=0.9670-composite=0.5152,0.44655228452322,0.5286067649666097,0.912109375,1024,128,6.3,4.83,0.01,0.0,0.47736091869155783,0.536557381655554,0.44655228452322,0.5286067649666097,1024,683.6206138208508,534.4448866337179,0.08659593760967255,1.425425410270691,1024,150.22982244379818,31.435616549138008,0.022981487214565277,0.5475770235061646,0,0,0,0,0,0,0,0,0,0,0,0,0,0,0,0,0,0,2,16,79,307,477,143,0,0,0,0,0,0,0,0,0,0,0,0,0,0,0,0,0,0,0,0,0,0,0,6,138,282,280,244,74,0,0,0,0,0,0,0,0,0,2048.0,1024,0.44655228452322,0.5286067649666097,2048.0,1024,0.44655228452322,0.5286067649666097,2048.0,1024,0.44655228452322,0.5286067649666097
H16_phihigh_rholow_s06,eo:model-step=010400-wql=0.2141-mase=0.9670-composite=0.5152,0.45879247345016383,0.5203469402623382,0.9140625,1024,128,6.2,4.83,0.01,0.0,0.496552011097951,0.5363832168841436,0.45879247345016383,0.5203469402623382,1024,670.7624309621751,515.6605897189422,0.05870209261775017,1.5272337198257446,1024,154.33532690722495,32.85505316520569,0.015600512735545635,0.5533753633499146,0,0,0,0,0,0,0,0,0,0,0,0,0,0,0,0,0,0,2,12,82,331,477,120,0,0,0,0,0,0,0,0,0,0,0,0,0,0,0,0,0,0,0,0,0,0,1,13,119,258,314,240,79,0,0,0,0,0,0,0,0,0,2048.0,1024,0.45879247345016383,0.5203469402623382,2048.0,1024,0.45879247345016383,0.5203469402623382,2048.0,1024,0.45879247345016383,0.5203469402623382
H16_phihigh_rholow_s07,eo:model-step=010400-wql=0.2141-mase=0.9670-composite=0.5152,0.46170337188223537,0.5323233652032645,0.9169921875,1024,128,6.0,4.83,0.01,0.0,0.4943740587877511,0.5418262341692338,0.46170337188223537,0.5323233652032645,1024,686.3962739259005,536.4519568077305,0.09110213071107864,1.5381615161895752,1024,148.33797714672983,30.83820782501732,0.023942265659570694,0.5901213884353638,0,0,0,0,0,0,0,0,0,0,0,0,0,0,0,0,0,0,1,10,67,331,480,135,0,0,0,0,0,0,0,0,0,0,0,0,0,0,0,0,0,0,0,0,0,0,0,16,124,285,302,232,63,2,0,0,0,0,0,0,0,0,2048.0,1024,0.46170337188223537,0.5323233652032645,2048.0,1024,0.46170337188223537,0.5323233652032645,2048.0,1024,0.46170337188223537,0.5323233652032645
H16_phihigh_rholow_s08,eo:model-step=010400-wql=0.2141-mase=0.9670-composite=0.5152,0.46263829452896366,0.5287570695699446,0.9169921875,1024,128,6.2,4.84,0.01,0.0,0.502548861670045,0.5466222986721996,0.46263829452896366,0.5287570695699446,1024,680.6802194193006,527.7659666524587,0.0808108001947403,1.670992374420166,1024,147.19608448259532,29.974459113273056,0.01682918518781662,0.5707240700721741,0,0,0,0,0,0,0,0,0,0,0,0,0,0,0,0,0,0,4,10,57,342,479,132,0,0,0,0,0,0,0,0,0,0,0,0,0,0,0,0,0,0,0,0,0,0,1,7,118,309,297,221,70,1,0,0,0,0,0,0,0,0,2048.0,1024,0.46263829452896366,0.5287570695699446,2048.0,1024,0.46263829452896366,0.5287570695699446,2048.0,1024,0.46263829452896366,0.5287570695699446
H16_phihigh_rholow_s09,eo:model-step=010400-wql=0.2141-mase=0.9670-composite=0.5152,0.44688531106304447,0.5155457537968084,0.931640625,1024,128,7.6,6.21,0.01,0.0,0.472076768396656,0.5221824002574025,0.44688531106304447,0.5155457537968084,1024,689.9160259887576,541.7660107949,0.04975660890340805,1.4714462757110596,1024,145.26744136586785,29.56518992359907,0.01941123604774475,0.5025309324264526,0,0,0,0,0,0,0,0,0,0,0,0,0,0,0,0,0,1,2,10,52,344,460,155,0,0,0,0,0,0,0,0,0,0,0,0,0,0,0,0,0,0,0,0,0,0,0,9,132,305,288,230,60,0,0,0,0,0,0,0,0,0,2048.0,1024,0.44688531106304447,0.5155457537968084,2048.0,1024,0.44688531106304447,0.5155457537968084,2048.0,1024,0.44688531106304447,0.5155457537968084
H16_phihigh_rholow_s10,eo:model-step=010400-wql=0.2141-mase=0.9670-composite=0.5152,0.4567255734762378,0.5248664218446534,0.91796875,1024,128,6.2,4.88,0.01,0.0,0.48257499955137695,0.523884770395707,0.4567255734762378,0.5248664218446534,1024,682.2358596622944,534.2360344554131,0.07577577233314514,1.5941245555877686,1024,147.78461462259293,30.40786972150911,0.018209658563137054,0.5070880651473999,0,0,0,0,0,0,0,0,0,0,0,0,0,0,0,0,0,0,3,12,70,329,475,135,0,0,0,0,0,0,0,0,0,0,0,0,0,0,0,0,0,0,0,0,0,0,0,13,136,285,287,233,70,0,0,0,0,0,0,0,0,0,2048.0,1024,0.4567255734762378,0.5248664218446534,2048.0,1024,0.4567255734762378,0.5248664218446534,2048.0,1024,0.4567255734762378,0.5248664218446534
H16_phihigh_rholow_s11,eo:model-step=010400-wql=0.2141-mase=0.9670-composite=0.5152,0.4647957289115064,0.5158867868362264,0.935546875,1024,128,6.2,4.86,0.01,0.0,0.5043962372421331,0.5372053761152462,0.4647957289115064,0.5158867868362264,1024,676.5581179186702,526.9297586502854,0.04746117442846298,1.5717887878417969,1024,146.71638513170183,29.99764388356656,0.022567015141248703,0.5455955266952515,0,0,0,0,0,0,0,0,0,0,0,0,0,0,0,0,0,2,1,14,69,332,468,138,0,0,0,0,0,0,0,0,0,0,0,0,0,0,0,0,0,0,0,0,0,0,0,10,125,305,295,222,67,0,0,0,0,0,0,0,0,0,2048.0,1024,0.4647957289115064,0.5158867868362264,2048.0,1024,0.4647957289115064,0.5158867868362264,2048.0,1024,0.4647957289115064,0.5158867868362264
H16_phihigh_rholow_s12,eo:model-step=010400-wql=0.2141-mase=0.9670-composite=0.5152,0.45211931322670884,0.531049000626086,0.9111328125,1024,128,6.4,4.88,0.01,0.0,0.4810941462347464,0.5425665890091548,0.45211931322670884,0.531049000626086,1024,682.8761468753219,535.6127481882362,0.07374727725982666,1.5310180187225342,1024,153.28204897418618,32.97228160010823,0.021389149129390717,0.5915277004241943,0,0,0,0,0,0,0,0,0,0,0,0,0,0,0,0,0,0,5,10,68,329,471,141,0,0,0,0,0,0,0,0,0,0,0,0,0,0,0,0,0,0,0,0,0,0,0,11,123,290,273,245,79,3,0,0,0,0,0,0,0,0,2048.0,1024,0.45211931322670884,0.531049000626086,2048.0,1024,0.45211931322670884,0.531049000626086,2048.0,1024,0.45211931322670884,0.531049000626086
H16_phihigh_rholow_s13,eo:model-step=010400-wql=0.2141-mase=0.9670-composite=0.5152,0.45568752310676175,0.5178726851020996,0.921875,1024,128,5.9,4.88,0.01,0.0,0.48711904314382914,0.5266311273306106,0.45568752310676175,0.5178726851020996,1024,681.3172349408269,526.9800545868354,0.0667462944984436,1.4880743026733398,1024,148.7093427889049,31.28565926804717,0.022604234516620636,0.5769792795181274,0,0,0,0,0,0,0,0,0,0,0,0,0,0,0,0,0,0,1,7,66,342,485,123,0,0,0,0,0,0,0,0,0,0,0,0,0,0,0,0,0,0,0,0,0,0,0,11,119,307,298,213,75,1,0,0,0,0,0,0,0,0,2048.0,1024,0.45568752310676175,0.5178726851020996,2048.0,1024,0.45568752310676175,0.5178726851020996,2048.0,1024,0.45568752310676175,0.5178726851020996
H16_phihigh_rholow_s14,eo:model-step=010400-wql=0.2141-mase=0.9670-composite=0.5152,0.4501670265880797,0.5284268184614845,0.9150390625,1024,128,6.4,4.84,0.01,0.0,0.4899488724593784,0.5390920544847397,0.4501670265880797,0.5284268184614845,1024,692.8930106163025,547.1309217732417,0.08286331593990326,1.466796636581421,1024,149.315702566877,31.038340451312536,0.024028941988945007,0.5852259397506714,0,0,0,0,0,0,0,0,0,0,0,0,0,0,0,0,0,0,3,13,68,312,478,150,0,0,0,0,0,0,0,0,0,0,0,0,0,0,0,0,0,0,0,0,0,0,0,11,106,314,293,229,70,1,0,0,0,0,0,0,0,0,2048.0,1024,0.4501670265880797,0.5284268184614845,2048.0,1024,0.4501670265880797,0.5284268184614845,2048.0,1024,0.4501670265880797,0.5284268184614845
H16_phihigh_rholow_s15,eo:model-step=010400-wql=0.2141-mase=0.9670-composite=0.5152,0.4633382848647349,0.5214413718341723,0.921875,1024,128,7.7,4.91,0.01,0.0,0.49951486756126984,0.5400567803588064,0.4633382848647349,0.5214413718341723,1024,666.2314916849136,507.0603514132031,0.08658735454082489,1.5021312236785889,1024,151.50796155445278,32.15598778006229,0.02478230930864811,0.6461498737335205,0,0,0,0,0,0,0,0,0,0,0,0,0,0,0,0,0,0,2,11,74,349,472,116,0,0,0,0,0,0,0,0,0,0,0,0,0,0,0,0,0,0,0,0,0,0,0,10,115,289,305,236,67,2,0,0,0,0,0,0,0,0,2048.0,1024,0.4633382848647349,0.5214413718341723,2048.0,1024,0.4633382848647349,0.5214413718341723,2048.0,1024,0.4633382848647349,0.5214413718341723
H16_phihigh_rhomid_s00,eo:model-step=010400-wql=0.2141-mase=0.9670-composite=0.5152,0.44809973231349937,0.5189571633406407,0.9287109375,1024,128,6.3,4.88,0.01,0.0,0.4744686034377294,0.5255825075565479,0.44809973231349937,0.5189571633406407,1024,688.751668587327,544.7125519293795,0.0563800185918808,1.4767348766326904,1024,146.85994771681726,30.21205720109174,0.021376091986894608,0.5906754732131958,0,0,0,0,0,0,0,0,0,0,0,0,0,0,0,0,0,0,4,14,73,319,461,153,0,0,0,0,0,0,0,0,0,0,0,0,0,0,0,0,0,0,0,0,0,0,0,17,137,276,309,220,63,2,0,0,0,0,0,0,0,0,2048.0,1024,0.44809973231349937,0.5189571633406407,2048.0,1024,0.44809973231349937,0.5189571633406407,2048.0,1024,0.44809973231349937,0.5189571633406407
H16_phihigh_rhomid_s01,eo:model-step=010400-wql=0.2141-mase=0.9670-composite=0.5152,0.46533357079228527,0.5337651734192037,0.91015625,1024,128,6.4,4.88,0.01,0.0,0.49450923712797995,0.5381375852225356,0.46533357079228527,0.5337651734192037,1024,669.4695512019098,511.2324102541045,0.04773223027586937,1.5440690517425537,1024,150.50130713172257,31.176191032505518,0.02176324464380741,0.5451376438140869,0,0,0,0,0,0,0,0,0,0,0,0,0,0,0,0,0,1,3,13,67,345,480,115,0,0,0,0,0,0,0,0,0,0,0,0,0,0,0,0,0,0,0,0,0,0,0,10,125,277,295,256,61,0,0,0,0,0,0,0,0,0,2048.0,1024,0.46533357079228527,0.5337651734192037,2048.0,1024,0.46533357079228527,0.5337651734192037,2048.0,1024,0.46533357079228527,0.5337651734192037
H16_phihigh_rhomid_s02,eo:model-step=010400-wql=0.2141-mase=0.9670-composite=0.5152,0.44599963682219407,0.5225591571700305,0.916015625,1024,128,6.4,4.89,0.01,0.0,0.4786925649608853,0.5340962015764278,0.44599963682219407,0.5225591571700305,1024,675.1856138557196,525.071676594682,0.04235342890024185,1.4639757871627808,1024,149.32955574057996,31.04892734583312,0.024710126221179962,0.55169677734375,0,0,0,0,0,0,0,0,0,0,0,0,0,0,0,0,0,1,0,14,80,324,464,141,0,0,0,0,0,0,0,0,0,0,0,0,0,0,0,0,0,0,0,0,0,0,0,4,125,292,308,227,68,0,0,0,0,0,0,0,0,0,2048.0,1024,0.44599963682219407,0.5225591571700305,2048.0,1024,0.44599963682219407,0.5225591571700305,2048.0,1024,0.44599963682219407,0.5225591571700305
H16_phihigh_rhomid_s03,eo:model-step=010400-wql=0.2141-mase=0.9670-composite=0.5152,0.45138405336262555,0.5137947865146866,0.923828125,1024,128,5.6,4.85,0.01,0.0,0.4897237961069458,0.5333811047558261,0.45138405336262555,0.5137947865146866,1024,684.8620150387287,540.2923275298377,0.07908547669649124,1.61631441116333,1024,153.8696806244552,32.81683244355483,0.024823714047670364,0.599970281124115,0,0,0,0,0,0,0,0,0,0,0,0,0,0,0,0,0,0,2,14,89,299,484,136,0,0,0,0,0,0,0,0,0,0,0,0,0,0,0,0,0,0,0,0,0,0,0,7,136,254,306,244,76,1,0,0,0,0,0,0,0,0,2048.0,1024,0.45138405336262555,0.5137947865146866,2048.0,1024,0.45138405336262555,0.5137947865146866,2048.0,1024,0.45138405336262555,0.5137947865146866
H16_phihigh_rhomid_s04,eo:model-step=010400-wql=0.2141-mase=0.9670-composite=0.5152,0.4547171243009792,0.5195106391713505,0.9130859375,1024,128,7.7,6.22,0.01,0.0,0.48940363197404174,0.5348437541683724,0.4547171243009792,0.5195106391713505,1024,686.3026841245592,539.2563106623841,0.05610111728310585,1.4517428874969482,1024,150.06669039838016,32.043019482353,0.02340947464108467,0.579284131526947,0,0,0,0,0,0,0,0,0,0,0,0,0,0,0,0,0,1,1,13,65,336,449,159,0,0,0,0,0,0,0,0,0,0,0,0,0,0,0,0,0,0,0,0,0,0,0,10,134,294,283,227,75,1,0,0,0,0,0,0,0,0,2048.0,1024,0.4547171243009792,0.5195106391713505,2048.0,1024,0.4547171243009792,0.5195106391713505,2048.0,1024,0.4547171243009792,0.5195106391713505
H16_phihigh_rhomid_s05,eo:model-step=010400-wql=0.2141-mase=0.9670-composite=0.5152,0.44701364650926395,0.5363641348305788,0.9111328125,1024,128,6.3,4.84,0.01,0.0,0.4723380893240576,0.539311958466278,0.44701364650926395,0.5363641348305788,1024,679.8684995956719,524.657037442776,0.05771927908062935,1.4472798109054565,1024,148.44001421891153,31.001227318871067,0.022272787988185883,0.6005064249038696,0,0,0,0,0,0,0,0,0,0,0,0,0,0,0,0,0,0,2,12,68,328,485,129,0,0,0,0,0,0,0,0,0,0,0,0,0,0,0,0,0,0,0,0,0,0,0,8,141,284,283,239,68,1,0,0,0,0,0,0,0,0,2048.0,1024,0.44701364650926395,0.5363641348305788,2048.0,1024,0.44701364650926395,0.5363641348305788,2048.0,1024,0.44701364650926395,0.5363641348305788
H16_phihigh_rhomid_s06,eo:model-step=010400-wql=0.2141-mase=0.9670-composite=0.5152,0.4625102175062521,0.5277467448467927,0.908203125,1024,128,6.3,4.84,0.01,0.0,0.5057845019381471,0.5450063105359362,0.4625102175062521,0.5277467448467927,1024,673.2047319114208,515.2212108544238,0.07669644057750702,1.5785685777664185,1024,152.01780366152525,32.72745759225206,0.023676693439483643,0.5990774631500244,0,0,0,0,0,0,0,0,0,0,0,0,0,0,0,0,0,0,2,10,77,324,491,120,0,0,0,0,0,0,0,0,0,0,0,0,0,0,0,0,0,0,0,0,0,0,0,15,117,295,301,210,83,3,0,0,0,0,0,0,0,0,2048.0,1024,0.4625102175062521,0.5277467448467927,2048.0,1024,0.4625102175062521,0.5277467448467927,2048.0,1024,0.4625102175062521,0.5277467448467927
H16_phihigh_rhomid_s07,eo:model-step=010400-wql=0.2141-mase=0.9670-composite=0.5152,0.46416340283393587,0.5333119861145361,0.91015625,1024,128,6.3,4.84,0.01,0.0,0.5058398059347542,0.5547576837050721,0.46416340283393587,0.5333119861145361,1024,684.1777838170528,533.076720242844,0.06370500475168228,1.489639163017273,1024,153.44013931415975,32.33660801871372,0.019034381955862045,0.5687433481216431,0,0,0,0,0,0,0,0,0,0,0,0,0,0,0,0,0,0,2,16,69,317,487,133,0,0,0,0,0,0,0,0,0,0,0,0,0,0,0,0,0,0,0,0,0,0,0,6,114,282,310,237,74,1,0,0,0,0,0,0,0,0,2048.0,1024,0.46416340283393587,0.5333119861145361,2048.0,1024,0.46416340283393587,0.5333119861145361,2048.0,1024,0.46416340283393587,0.5333119861145361
H16_phihigh_rhomid_s08,eo:model-step=010400-wql=0.2141-mase=0.9670-composite=0.5152,0.46250254052242984,0.5293100563242235,0.912109375,1024,128,5.6,4.88,0.01,0.0,0.49143041317904923,0.536976028192084,0.46250254052242984,0.5293100563242235,1024,669.6142302900553,510.4403639312578,0.0891035720705986,1.5399683713912964,1024,148.79263910278678,30.344682849170397,0.021618610247969627,0.5667387247085571,0,0,0,0,0,0,0,0,0,0,0,0,0,0,0,0,0,0,3,16,57,337,486,125,0,0,0,0,0,0,0,0,0,0,0,0,0,0,0,0,0,0,0,0,0,0,0,11,126,270,322,232,62,1,0,0,0,0,0,0,0,0,2048.0,1024,0.46250254052242984,0.5293100563242235,2048.0,1024,0.46250254052242984,0.5293100563242235,2048.0,1024,0.46250254052242984,0.5293100563242235
H16_phihigh_rhomid_s09,eo:model-step=010400-wql=0.2141-mase=0.9670-composite=0.5152,0.4483882143498753,0.5172957208190142,0.9267578125,1024,128,8.1,6.25,0.01,0.0,0.47431393570785013,0.5258943771519824,0.4483882143498753,0.5172957208190142,1024,680.9902567192912,528.8519840431278,0.0841219425201416,1.5377187728881836,1024,145.924616554752,29.70969032202073,0.020894145593047142,0.6632710695266724,0,0,0,0,0,0,0,0,0,0,0,0,0,0,0,0,0,0,1,9,76,326,477,135,0,0,0,0,0,0,0,0,0,0,0,0,0,0,0,0,0,0,0,0,0,0,0,9,126,299,315,207,67,1,0,0,0,0,0,0,0,0,2048.0,1024,0.4483882143498753,0.5172957208190142,2048.0,1024,0.4483882143498753,0.5172957208190142,2048.0,1024,0.4483882143498753,0.5172957208190142
H16_phihigh_rhomid_s10,eo:model-step=010400-wql=0.2141-mase=0.9670-composite=0.5152,0.4666883139176602,0.5247841478658076,0.9208984375,1024,128,6.5,4.89,0.01,0.0,0.49317043295223795,0.5243165478213063,0.4666883139176602,0.5247841478658076,1024,676.8874966353178,529.6358675559197,0.07781016081571579,1.5555932521820068,1024,149.90032428875566,30.671484235864433,0.02214834839105606,0.48760083317756653,0,0,0,0,0,0,0,0,0,0,0,0,0,0,0,0,0,0,2,12,74,352,449,135,0,0,0,0,0,0,0,0,0,0,0,0,0,0,0,0,0,0,0,0,0,0,0,11,111,299,296,237,70,0,0,0,0,0,0,0,0,0,2048.0,1024,0.4666883139176602,0.5247841478658076,2048.0,1024,0.4666883139176602,0.5247841478658076,2048.0,1024,0.4666883139176602,0.5247841478658076
H16_phihigh_rhomid_s11,eo:model-step=010400-wql=0.2141-mase=0.9670-composite=0.5152,0.4695591949703731,0.5145784384415404,0.9296875,1024,128,6.2,4.89,0.01,0.0,0.517828534064857,0.5470797449742366,0.4695591949703731,0.5145784384415404,1024,670.662871606648,518.6006218960106,0.07308188825845718,1.5544649362564087,1024,153.4621194638312,32.26533876201806,0.022168278694152832,0.5256707072257996,0,0,0,0,0,0,0,0,0,0,0,0,0,0,0,0,0,0,2,23,73,323,475,128,0,0,0,0,0,0,0,0,0,0,0,0,0,0,0,0,0,0,0,0,0,0,0,18,108,282,289,248,79,0,0,0,0,0,0,0,0,0,2048.0,1024,0.4695591949703731,0.5145784384415404,2048.0,1024,0.4695591949703731,0.5145784384415404,2048.0,1024,0.4695591949703731,0.5145784384415404
H16_phihigh_rhomid_s12,eo:model-step=010400-wql=0.2141-mase=0.9670-composite=0.5152,0.456775114851188,0.5282260886022432,0.9169921875,1024,128,6.1,4.88,0.01,0.0,0.4902182819289714,0.5435110634488025,0.456775114851188,0.5282260886022432,1024,676.6549698635936,524.4213270878593,0.07181556522846222,1.591992974281311,1024,153.25504252687097,32.69365463792195,0.02578756958246231,0.6239259243011475,0,0,0,0,0,0,0,0,0,0,0,0,0,0,0,0,0,0,4,9,74,343,457,137,0,0,0,0,0,0,0,0,0,0,0,0,0,0,0,0,0,0,0,0,0,0,0,8,120,286,292,249,67,2,0,0,0,0,0,0,0,0,2048.0,1024,0.456775114851188,0.5282260886022432,2048.0,1024,0.456775114851188,0.5282260886022432,2048.0,1024,0.456775114851188,0.5282260886022432
H16_phihigh_rhomid_s13,eo:model-step=010400-wql=0.2141-mase=0.9670-composite=0.5152,0.4552080308675599,0.5213008349718307,0.9228515625,1024,128,6.4,4.87,0.01,0.0,0.4851931213574606,0.5320558326818157,0.4552080308675599,0.5213008349718307,1024,677.5711823180318,521.7369498438519,0.08568207919597626,1.591155767440796,1024,148.24660338833928,30.771220820873108,0.023109864443540573,0.629357635974884,0,0,0,0,0,0,0,0,0,0,0,0,0,0,0,0,0,0,1,10,61,338,490,124,0,0,0,0,0,0,0,0,0,0,0,0,0,0,0,0,0,0,0,0,0,0,0,10,119,292,313,219,70,1,0,0,0,0,0,0,0,0,2048.0,1024,0.4552080308675599,0.5213008349718307,2048.0,1024,0.4552080308675599,0.5213008349718307,2048.0,1024,0.4552080308675599,0.5213008349718307
H16_phihigh_rhomid_s14,eo:model-step=010400-wql=0.2141-mase=0.9670-composite=0.5152,0.45131719029779843,0.5272561074001307,0.9140625,1024,128,7.8,6.28,0.01,0.0,0.4816249993432238,0.5309786880891196,0.45131719029779843,0.5272561074001307,1024,693.8452165275812,547.1599223964462,0.08021418750286102,1.4909768104553223,1024,149.80266569927335,30.93148573674861,0.017783168703317642,0.6190729141235352,0,0,0,0,0,0,0,0,0,0,0,0,0,0,0,0,0,0,1,11,64,332,463,153,0,0,0,0,0,0,0,0,0,0,0,0,0,0,0,0,0,0,0,0,0,0,0,16,122,284,288,246,66,2,0,0,0,0,0,0,0,0,2048.0,1024,0.45131719029779843,0.5272561074001307,2048.0,1024,0.45131719029779843,0.5272561074001307,2048.0,1024,0.45131719029779843,0.5272561074001307
H16_phihigh_rhomid_s15,eo:model-step=010400-wql=0.2141-mase=0.9670-composite=0.5152,0.46654335601444485,0.530058480610788,0.9091796875,1024,128,6.3,4.88,0.01,0.0,0.4946309238061435,0.538291443535311,0.46654335601444485,0.530058480610788,1024,666.9341986551881,508.975053101192,0.07638905942440033,1.5935747623443604,1024,148.21862762980163,30.897236230260248,0.022997453808784485,0.6354507207870483,0,0,0,0,0,0,0,0,0,0,0,0,0,0,0,0,0,0,2,11,68,354,469,120,0,0,0,0,0,0,0,0,0,0,0,0,0,0,0,0,0,0,0,0,0,0,0,9,128,287,303,233,61,3,0,0,0,0,0,0,0,0,2048.0,1024,0.46654335601444485,0.530058480610788,2048.0,1024,0.46654335601444485,0.530058480610788,2048.0,1024,0.46654335601444485,0.530058480610788
H16_philow_rhohigh_s00,eo:model-step=010400-wql=0.2141-mase=0.9670-composite=0.5152,0.48289281990669186,0.5495159535960159,0.966796875,1024,128,6.1,4.91,0.01,0.0,0.4961359069258923,0.5471545358095333,0.48289281990669186,0.5495159535960159,1024,666.1777945011854,496.0507872970752,0.0902821272611618,1.4809587001800537,1024,145.9964998010546,28.84776816245441,0.01717577688395977,0.5132378935813904,0,0,0,0,0,0,0,0,0,0,0,0,0,0,0,0,0,0,3,14,56,336,498,117,0,0,0,0,0,0,0,0,0,0,0,0,0,0,0,0,0,0,0,0,0,0,1,12,107,301,313,232,58,0,0,0,0,0,0,0,0,0,2048.0,1024,0.48289281990669186,0.5495159535960159,2048.0,1024,0.48289281990669186,0.5495159535960159,2048.0,1024,0.48289281990669186,0.5495159535960159
H16_philow_rhohigh_s01,eo:model-step=010400-wql=0.2141-mase=0.9670-composite=0.5152,0.48443740354593434,0.5527770097162921,0.97265625,1024,128,6.2,4.88,0.01,0.0,0.5016200152074807,0.5532669071475839,0.48443740354593434,0.5527770097162921,1024,656.9574329257011,478.1393660397734,0.04564610868692398,1.3202688694000244,1024,147.88719527982175,29.931008353872397,0.021696047857403755,0.6026526093482971,0,0,0,0,0,0,0,0,0,0,0,0,0,0,0,0,0,1,2,5,58,355,516,87,0,0,0,0,0,0,0,0,0,0,0,0,0,0,0,0,0,0,0,0,0,0,0,14,131,281,295,243,59,1,0,0,0,0,0,0,0,0,2048.0,1024,0.48443740354593434,0.5527770097162921,2048.0,1024,0.48443740354593434,0.5527770097162921,2048.0,1024,0.48443740354593434,0.5527770097162921
H16_philow_rhohigh_s02,eo:model-step=010400-wql=0.2141-mase=0.9670-composite=0.5152,0.47821714164895224,0.5419630868048837,0.9658203125,1024,128,6.3,4.92,0.01,0.0,0.48552073902199067,0.5376473551476704,0.47821714164895224,0.5419630868048837,1024,659.2432179041207,483.7016703187726,0.04537941887974739,1.4168083667755127,1024,147.4124089870602,29.942235488436417,0.02233346924185753,0.5876924991607666,0,0,0,0,0,0,0,0,0,0,0,0,0,0,0,0,0,1,0,8,71,336,527,81,0,0,0,0,0,0,0,0,0,0,0,0,0,0,0,0,0,0,0,0,0,0,0,19,123,277,315,214,75,1,0,0,0,0,0,0,0,0,2048.0,1024,0.47821714164895224,0.5419630868048837,2048.0,1024,0.47821714164895224,0.5419630868048837,2048.0,1024,0.47821714164895224,0.5419630868048837
H16_philow_rhohigh_s03,eo:model-step=010400-wql=0.2141-mase=0.9670-composite=0.5152,0.4843914305239272,0.5434226433531222,0.9697265625,1024,128,8.1,6.24,0.01,0.0,0.506438489956734,0.5528001544132068,0.4843914305239272,0.5434226433531222,1024,664.5332795754075,492.04182410497026,0.07854358106851578,1.3436975479125977,1024,149.8171153422445,30.400657757532755,0.023300571367144585,0.5226974487304688,0,0,0,0,0,0,0,0,0,0,0,0,0,0,0,0,0,0,1,7,60,343,520,93,0,0,0,0,0,0,0,0,0,0,0,0,0,0,0,0,0,0,0,0,0,0,0,9,106,291,309,257,52,0,0,0,0,0,0,0,0,0,2048.0,1024,0.4843914305239272,0.5434226433531222,2048.0,1024,0.4843914305239272,0.5434226433531222,2048.0,1024,0.4843914305239272,0.5434226433531222
H16_philow_rhohigh_s04,eo:model-step=010400-wql=0.2141-mase=0.9670-composite=0.5152,0.4778419329518998,0.5430919848611495,0.970703125,1024,128,6.4,4.87,0.01,0.0,0.49233989431339653,0.5427899036900152,0.4778419329518998,0.5430919848611495,1024,661.3495085835457,485.79634234688876,0.09491340816020966,1.3765177726745605,1024,149.90705684386194,30.989756286003054,0.018635567277669907,0.5090132355690002,0,0,0,0,0,0,0,0,0,0,0,0,0,0,0,0,0,0,3,7,57,335,531,91,0,0,0,0,0,0,0,0,0,0,0,0,0,0,0,0,0,0,0,0,0,0,0,10,138,267,300,242,67,0,0,0,0,0,0,0,0,0,2048.0,1024,0.4778419329518998,0.5430919848611495,2048.0,1024,0.4778419329518998,0.5430919848611495,2048.0,1024,0.4778419329518998,0.5430919848611495
H16_philow_rhohigh_s05,eo:model-step=010400-wql=0.2141-mase=0.9670-composite=0.5152,0.4721225328101796,0.5434579766197907,0.96484375,1024,128,6.4,4.88,0.01,0.0,0.48292828509603125,0.5394310822247399,0.4721225328101796,0.5434579766197907,1024,666.9285808950663,492.3612785139794,0.10250498354434967,1.2690606117248535,1024,151.08261319622397,30.781955343830944,0.022074395790696144,0.5002158880233765,0,0,0,0,0,0,0,0,0,0,0,0,0,0,0,0,0,0,0,7,60,335,524,98,0,0,0,0,0,0,0,0,0,0,0,0,0,0,0,0,0,0,0,0,0,0,0,11,107,269,334,239,64,0,0,0,0,0,0,0,0,0,2048.0,1024,0.4721225328101796,0.5434579766197907,2048.0,1024,0.4721225328101796,0.5434579766197907,2048.0,1024,0.4721225328101796,0.5434579766197907
H16_philow_rhohigh_s06,eo:model-step=010400-wql=0.2141-mase=0.9670-composite=0.5152,0.49366873703098796,0.5513718214167889,0.9560546875,1024,128,6.3,4.87,0.01,0.0,0.5114988415593236,0.5530504060675567,0.49366873703098796,0.5513718214167889,1024,659.1009012460709,480.3897054333726,0.0816536396741867,1.3252243995666504,1024,156.13670977577567,32.94983963899702,0.024519745260477066,0.5282762050628662,0,0,0,0,0,0,0,0,0,0,0,0,0,0,0,0,0,0,1,11,52,354,513,93,0,0,0,0,0,0,0,0,0,0,0,0,0,0,0,0,0,0,0,0,0,0,0,5,106,269,314,257,73,0,0,0,0,0,0,0,0,0,2048.0,1024,0.49366873703098796,0.5513718214167889,2048.0,1024,0.49366873703098796,0.5513718214167889,2048.0,1024,0.49366873703098796,0.5513718214167889
H16_philow_rhohigh_s07,eo:model-step=010400-wql=0.2141-mase=0.9670-composite=0.5152,0.49211711673147474,0.5555832188731451,0.97265625,1024,128,6.1,4.86,0.01,0.0,0.5075178689358608,0.553675132020653,0.49211711673147474,0.5555832188731451,1024,666.5684703439474,492.8526697873581,0.09264612197875977,1.3136531114578247,1024,149.25221178680658,30.793634515361184,0.020665470510721207,0.5363805294036865,0,0,0,0,0,0,0,0,0,0,0,0,0,0,0,0,0,0,1,8,58,329,525,103,0,0,0,0,0,0,0,0,0,0,0,0,0,0,0,0,0,0,0,0,0,0,0,8,125,285,310,230,66,0,0,0,0,0,0,0,0,0,2048.0,1024,0.49211711673147474,0.5555832188731451,2048.0,1024,0.49211711673147474,0.5555832188731451,2048.0,1024,0.49211711673147474,0.5555832188731451
H16_philow_rhohigh_s08,eo:model-step=010400-wql=0.2141-mase=0.9670-composite=0.5152,0.48641196940214615,0.5486020664108189,0.974609375,1024,128,7.6,6.29,0.01,0.0,0.5025749859264078,0.5510612562746323,0.48641196940214615,0.5486020664108189,1024,658.8730685710907,481.6160278852068,0.15584050118923187,1.423413634300232,1024,146.82399711571634,29.32289722426978,0.018671544268727303,0.5330382585525513,0,0,0,0,0,0,0,0,0,0,0,0,0,0,0,0,0,0,0,6,60,363,502,93,0,0,0,0,0,0,0,0,0,0,0,0,0,0,0,0,0,0,0,0,0,0,0,11,110,292,325,230,56,0,0,0,0,0,0,0,0,0,2048.0,1024,0.48641196940214615,0.5486020664108189,2048.0,1024,0.48641196940214615,0.5486020664108189,2048.0,1024,0.48641196940214615,0.5486020664108189
H16_philow_rhohigh_s09,eo:model-step=010400-wql=0.2141-mase=0.9670-composite=0.5152,0.4762714080590254,0.5452921287895978,0.9775390625,1024,128,6.1,4.87,0.01,0.0,0.4836122789135997,0.540632133168772,0.4762714080590254,0.5452921287895978,1024,660.7579025477171,481.32688438813517,0.10658275336027145,1.3110284805297852,1024,146.28445532917976,29.497431435068425,0.022644318640232086,0.5984922647476196,0,0,0,0,0,0,0,0,0,0,0,0,0,0,0,0,0,0,0,9,57,335,542,81,0,0,0,0,0,0,0,0,0,0,0,0,0,0,0,0,0,0,0,0,0,0,0,11,133,289,290,232,68,1,0,0,0,0,0,0,0,0,2048.0,1024,0.4762714080590254,0.5452921287895978,2048.0,1024,0.4762714080590254,0.5452921287895978,2048.0,1024,0.4762714080590254,0.5452921287895978
H16_philow_rhohigh_s10,eo:model-step=010400-wql=0.2141-mase=0.9670-composite=0.5152,0.4819447442972617,0.5481177517921904,0.96484375,1024,128,6.3,4.88,0.01,0.0,0.49282768397444415,0.5426401388569819,0.4819447442972617,0.5481177517921904,1024,667.3472815454006,497.6876309261568,0.10509653389453888,1.312914490699768,1024,152.01722274534404,32.124602242898156,0.018635855987668037,0.5290789008140564,0,0,0,0,0,0,0,0,0,0,0,0,0,0,0,0,0,0,0,6,68,339,513,98,0,0,0,0,0,0,0,0,0,0,0,0,0,0,0,0,0,0,0,0,0,0,0,16,114,303,271,251,69,0,0,0,0,0,0,0,0,0,2048.0,1024,0.4819447442972617,0.5481177517921904,2048.0,1024,0.4819447442972617,0.5481177517921904,2048.0,1024,0.4819447442972617,0.5481177517921904
H16_philow_rhohigh_s11,eo:model-step=010400-wql=0.2141-mase=0.9670-composite=0.5152,0.5002603033251192,0.5460149150525719,0.966796875,1024,128,6.2,4.91,0.01,0.0,0.5194667282397316,0.5523868610804809,0.5002603033251192,0.5460149150525719,1024,656.3033656775951,480.6234902178894,0.04972321540117264,1.3590277433395386,1024,149.17723968997598,29.988583740162984,0.024194352328777313,0.5530599355697632,0,0,0,0,0,0,0,0,0,0,0,0,0,0,0,0,0,1,3,11,63,336,521,89,0,0,0,0,0,0,0,0,0,0,0,0,0,0,0,0,0,0,0,0,0,0,0,7,107,294,306,254,56,0,0,0,0,0,0,0,0,0,2048.0,1024,0.5002603033251192,0.5460149150525719,2048.0,1024,0.5002603033251192,0.5460149150525719,2048.0,1024,0.5002603033251192,0.5460149150525719
H16_philow_rhohigh_s12,eo:model-step=010400-wql=0.2141-mase=0.9670-composite=0.5152,0.4842531267699124,0.5469421684342639,0.9716796875,1024,128,6.2,4.9,0.01,0.0,0.4952484697390327,0.544701733211588,0.4842531267699124,0.5469421684342639,1024,657.957007728517,488.4112390900195,0.0838179737329483,1.432992696762085,1024,148.44229890592396,30.450117568096342,0.021880192682147026,0.5694727301597595,0,0,0,0,0,0,0,0,0,0,0,0,0,0,0,0,0,0,2,14,70,345,493,100,0,0,0,0,0,0,0,0,0,0,0,0,0,0,0,0,0,0,0,0,0,0,0,12,122,296,288,242,63,1,0,0,0,0,0,0,0,0,2048.0,1024,0.4842531267699124,0.5469421684342639,2048.0,1024,0.4842531267699124,0.5469421684342639,2048.0,1024,0.4842531267699124,0.5469421684342639
H16_philow_rhohigh_s13,eo:model-step=010400-wql=0.2141-mase=0.9670-composite=0.5152,0.4895450210193122,0.5511670492691867,0.9794921875,1024,128,6.3,4.96,0.01,0.0,0.5028757712107944,0.5489453055544893,0.4895450210193122,0.5511670492691867,1024,656.1935436800122,477.48063699891253,0.07966174930334091,1.3521833419799805,1024,143.8390129134059,28.669862975662355,0.01809706725180149,0.5133169889450073,0,0,0,0,0,0,0,0,0,0,0,0,0,0,0,0,0,0,1,6,69,349,512,87,0,0,0,0,0,0,0,0,0,0,0,0,0,0,0,0,0,0,0,0,0,0,0,11,142,287,306,218,60,0,0,0,0,0,0,0,0,0,2048.0,1024,0.4895450210193122,0.5511670492691867,2048.0,1024,0.4895450210193122,0.5511670492691867,2048.0,1024,0.4895450210193122,0.5511670492691867
H16_philow_rhohigh_s14,eo:model-step=010400-wql=0.2141-mase=0.9670-composite=0.5152,0.4791461023983502,0.5537816769385235,0.9736328125,1024,128,7.7,4.92,0.01,0.0,0.49175298641576937,0.5477546746565283,0.4791461023983502,0.5537816769385235,1024,662.3441810235381,484.8626532071337,0.09221039712429047,1.34803307056427,1024,148.49310810491443,29.63836578502825,0.02066619321703911,0.5231684446334839,0,0,0,0,0,0,0,0,0,0,0,0,0,0,0,0,0,0,2,11,50,338,541,82,0,0,0,0,0,0,0,0,0,0,0,0,0,0,0,0,0,0,0,0,0,0,0,8,111,295,313,242,55,0,0,0,0,0,0,0,0,0,2048.0,1024,0.4791461023983502,0.5537816769385235,2048.0,1024,0.4791461023983502,0.5537816769385235,2048.0,1024,0.4791461023983502,0.5537816769385235
H16_philow_rhohigh_s15,eo:model-step=010400-wql=0.2141-mase=0.9670-composite=0.5152,0.4862711325122706,0.5469010449622622,0.9736328125,1024,128,6.4,4.9,0.01,0.0,0.5014862071384905,0.5465876517577164,0.4862711325122706,0.5469010449622622,1024,650.0221252590418,472.17415631247707,0.06530313938856125,1.40360689163208,1024,150.1025675740093,30.60758023229113,0.021054960787296295,0.5431464314460754,0,0,0,0,0,0,0,0,0,0,0,0,0,0,0,0,0,0,1,14,48,395,473,93,0,0,0,0,0,0,0,0,0,0,0,0,0,0,0,0,0,0,0,0,0,0,0,13,111,273,326,236,65,0,0,0,0,0,0,0,0,0,2048.0,1024,0.4862711325122706,0.5469010449622622,2048.0,1024,0.4862711325122706,0.5469010449622622,2048.0,1024,0.4862711325122706,0.5469010449622622
H16_philow_rholow_s00,eo:model-step=010400-wql=0.2141-mase=0.9670-composite=0.5152,0.48289281990669186,0.5495159535960159,0.966796875,1024,128,6.3,4.85,0.01,0.0,0.4961359069258923,0.5471545358095333,0.48289281990669186,0.5495159535960159,1024,666.1777945011854,496.0507872970752,0.0902821272611618,1.4809587001800537,1024,145.9964998010546,28.84776816245441,0.01717577688395977,0.5132378935813904,0,0,0,0,0,0,0,0,0,0,0,0,0,0,0,0,0,0,3,14,56,336,498,117,0,0,0,0,0,0,0,0,0,0,0,0,0,0,0,0,0,0,0,0,0,0,1,12,107,301,313,232,58,0,0,0,0,0,0,0,0,0,2048.0,1024,0.48289281990669186,0.5495159535960159,2048.0,1024,0.48289281990669186,0.5495159535960159,2048.0,1024,0.48289281990669186,0.5495159535960159
H16_philow_rholow_s01,eo:model-step=010400-wql=0.2141-mase=0.9670-composite=0.5152,0.48443740354593434,0.5527770097162921,0.97265625,1024,128,6.3,4.85,0.01,0.0,0.5016200152074807,0.5532669071475839,0.48443740354593434,0.5527770097162921,1024,656.9574329257011,478.1393660397734,0.04564610868692398,1.3202688694000244,1024,147.88719527982175,29.931008353872397,0.021696047857403755,0.6026526093482971,0,0,0,0,0,0,0,0,0,0,0,0,0,0,0,0,0,1,2,5,58,355,516,87,0,0,0,0,0,0,0,0,0,0,0,0,0,0,0,0,0,0,0,0,0,0,0,14,131,281,295,243,59,1,0,0,0,0,0,0,0,0,2048.0,1024,0.48443740354593434,0.5527770097162921,2048.0,1024,0.48443740354593434,0.5527770097162921,2048.0,1024,0.48443740354593434,0.5527770097162921
H16_philow_rholow_s02,eo:model-step=010400-wql=0.2141-mase=0.9670-composite=0.5152,0.47821714164895224,0.5419630868048837,0.9658203125,1024,128,6.4,4.89,0.01,0.0,0.48552073902199067,0.5376473551476704,0.47821714164895224,0.5419630868048837,1024,659.2432179041207,483.7016703187726,0.04537941887974739,1.4168083667755127,1024,147.4124089870602,29.942235488436417,0.02233346924185753,0.5876924991607666,0,0,0,0,0,0,0,0,0,0,0,0,0,0,0,0,0,1,0,8,71,336,527,81,0,0,0,0,0,0,0,0,0,0,0,0,0,0,0,0,0,0,0,0,0,0,0,19,123,277,315,214,75,1,0,0,0,0,0,0,0,0,2048.0,1024,0.47821714164895224,0.5419630868048837,2048.0,1024,0.47821714164895224,0.5419630868048837,2048.0,1024,0.47821714164895224,0.5419630868048837
H16_philow_rholow_s03,eo:model-step=010400-wql=0.2141-mase=0.9670-composite=0.5152,0.4843914305239272,0.5434226433531222,0.9697265625,1024,128,7.8,6.26,0.01,0.0,0.506438489956734,0.5528001544132068,0.4843914305239272,0.5434226433531222,1024,664.5332795754075,492.04182410497026,0.07854358106851578,1.3436975479125977,1024,149.8171153422445,30.400657757532755,0.023300571367144585,0.5226974487304688,0,0,0,0,0,0,0,0,0,0,0,0,0,0,0,0,0,0,1,7,60,343,520,93,0,0,0,0,0,0,0,0,0,0,0,0,0,0,0,0,0,0,0,0,0,0,0,9,106,291,309,257,52,0,0,0,0,0,0,0,0,0,2048.0,1024,0.4843914305239272,0.5434226433531222,2048.0,1024,0.4843914305239272,0.5434226433531222,2048.0,1024,0.4843914305239272,0.5434226433531222
H16_philow_rholow_s04,eo:model-step=010400-wql=0.2141-mase=0.9670-composite=0.5152,0.4778419329518998,0.5430919848611495,0.970703125,1024,128,5.9,4.91,0.01,0.0,0.49233989431339653,0.5427899036900152,0.4778419329518998,0.5430919848611495,1024,661.3495085835457,485.79634234688876,0.09491340816020966,1.3765177726745605,1024,149.90705684386194,30.989756286003054,0.018635567277669907,0.5090132355690002,0,0,0,0,0,0,0,0,0,0,0,0,0,0,0,0,0,0,3,7,57,335,531,91,0,0,0,0,0,0,0,0,0,0,0,0,0,0,0,0,0,0,0,0,0,0,0,10,138,267,300,242,67,0,0,0,0,0,0,0,0,0,2048.0,1024,0.4778419329518998,0.5430919848611495,2048.0,1024,0.4778419329518998,0.5430919848611495,2048.0,1024,0.4778419329518998,0.5430919848611495
H16_philow_rholow_s05,eo:model-step=010400-wql=0.2141-mase=0.9670-composite=0.5152,0.4721225328101796,0.5434579766197907,0.96484375,1024,128,6.3,4.84,0.01,0.0,0.48292828509603125,0.5394310822247399,0.4721225328101796,0.5434579766197907,1024,666.9285808950663,492.3612785139794,0.10250498354434967,1.2690606117248535,1024,151.08261319622397,30.781955343830944,0.022074395790696144,0.5002158880233765,0,0,0,0,0,0,0,0,0,0,0,0,0,0,0,0,0,0,0,7,60,335,524,98,0,0,0,0,0,0,0,0,0,0,0,0,0,0,0,0,0,0,0,0,0,0,0,11,107,269,334,239,64,0,0,0,0,0,0,0,0,0,2048.0,1024,0.4721225328101796,0.5434579766197907,2048.0,1024,0.4721225328101796,0.5434579766197907,2048.0,1024,0.4721225328101796,0.5434579766197907
H16_philow_rholow_s06,eo:model-step=010400-wql=0.2141-mase=0.9670-composite=0.5152,0.49366873703098796,0.5513718214167889,0.9560546875,1024,128,6.3,4.86,0.01,0.0,0.5114988415593236,0.5530504060675567,0.49366873703098796,0.5513718214167889,1024,659.1009012460709,480.3897054333726,0.0816536396741867,1.3252243995666504,1024,156.13670977577567,32.94983963899702,0.024519745260477066,0.5282762050628662,0,0,0,0,0,0,0,0,0,0,0,0,0,0,0,0,0,0,1,11,52,354,513,93,0,0,0,0,0,0,0,0,0,0,0,0,0,0,0,0,0,0,0,0,0,0,0,5,106,269,314,257,73,0,0,0,0,0,0,0,0,0,2048.0,1024,0.49366873703098796,0.5513718214167889,2048.0,1024,0.49366873703098796,0.5513718214167889,2048.0,1024,0.49366873703098796,0.5513718214167889
H16_philow_rholow_s07,eo:model-step=010400-wql=0.2141-mase=0.9670-composite=0.5152,0.49211711673147474,0.5555832188731451,0.97265625,1024,128,6.4,5.03,0.01,0.0,0.5075178689358608,0.553675132020653,0.49211711673147474,0.5555832188731451,1024,666.5684703439474,492.8526697873581,0.09264612197875977,1.3136531114578247,1024,149.25221178680658,30.793634515361184,0.020665470510721207,0.5363805294036865,0,0,0,0,0,0,0,0,0,0,0,0,0,0,0,0,0,0,1,8,58,329,525,103,0,0,0,0,0,0,0,0,0,0,0,0,0,0,0,0,0,0,0,0,0,0,0,8,125,285,310,230,66,0,0,0,0,0,0,0,0,0,2048.0,1024,0.49211711673147474,0.5555832188731451,2048.0,1024,0.49211711673147474,0.5555832188731451,2048.0,1024,0.49211711673147474,0.5555832188731451
H16_philow_rholow_s08,eo:model-step=010400-wql=0.2141-mase=0.9670-composite=0.5152,0.48641196940214615,0.5486020664108189,0.974609375,1024,128,7.4,6.05,0.01,0.0,0.5025749859264078,0.5510612562746323,0.48641196940214615,0.5486020664108189,1024,658.8730685710907,481.6160278852068,0.15584050118923187,1.423413634300232,1024,146.82399711571634,29.32289722426978,0.018671544268727303,0.5330382585525513,0,0,0,0,0,0,0,0,0,0,0,0,0,0,0,0,0,0,0,6,60,363,502,93,0,0,0,0,0,0,0,0,0,0,0,0,0,0,0,0,0,0,0,0,0,0,0,11,110,292,325,230,56,0,0,0,0,0,0,0,0,0,2048.0,1024,0.48641196940214615,0.5486020664108189,2048.0,1024,0.48641196940214615,0.5486020664108189,2048.0,1024,0.48641196940214615,0.5486020664108189
H16_philow_rholow_s09,eo:model-step=010400-wql=0.2141-mase=0.9670-composite=0.5152,0.4762714080590254,0.5452921287895978,0.9775390625,1024,128,6.2,4.79,0.01,0.0,0.4836122789135997,0.540632133168772,0.4762714080590254,0.5452921287895978,1024,660.7579025477171,481.32688438813517,0.10658275336027145,1.3110284805297852,1024,146.28445532917976,29.497431435068425,0.022644318640232086,0.5984922647476196,0,0,0,0,0,0,0,0,0,0,0,0,0,0,0,0,0,0,0,9,57,335,542,81,0,0,0,0,0,0,0,0,0,0,0,0,0,0,0,0,0,0,0,0,0,0,0,11,133,289,290,232,68,1,0,0,0,0,0,0,0,0,2048.0,1024,0.4762714080590254,0.5452921287895978,2048.0,1024,0.4762714080590254,0.5452921287895978,2048.0,1024,0.4762714080590254,0.5452921287895978
H16_philow_rholow_s10,eo:model-step=010400-wql=0.2141-mase=0.9670-composite=0.5152,0.4819447442972617,0.5481177517921904,0.96484375,1024,128,6.1,4.68,0.01,0.0,0.49282768397444415,0.5426401388569819,0.4819447442972617,0.5481177517921904,1024,667.3472815454006,497.6876309261568,0.10509653389453888,1.312914490699768,1024,152.01722274534404,32.124602242898156,0.018635855987668037,0.5290789008140564,0,0,0,0,0,0,0,0,0,0,0,0,0,0,0,0,0,0,0,6,68,339,513,98,0,0,0,0,0,0,0,0,0,0,0,0,0,0,0,0,0,0,0,0,0,0,0,16,114,303,271,251,69,0,0,0,0,0,0,0,0,0,2048.0,1024,0.4819447442972617,0.5481177517921904,2048.0,1024,0.4819447442972617,0.5481177517921904,2048.0,1024,0.4819447442972617,0.5481177517921904
H16_philow_rholow_s11,eo:model-step=010400-wql=0.2141-mase=0.9670-composite=0.5152,0.5002603033251192,0.5460149150525719,0.966796875,1024,128,5.7,4.88,0.01,0.0,0.5194667282397316,0.5523868610804809,0.5002603033251192,0.5460149150525719,1024,656.3033656775951,480.6234902178894,0.04972321540117264,1.3590277433395386,1024,149.17723968997598,29.988583740162984,0.024194352328777313,0.5530599355697632,0,0,0,0,0,0,0,0,0,0,0,0,0,0,0,0,0,1,3,11,63,336,521,89,0,0,0,0,0,0,0,0,0,0,0,0,0,0,0,0,0,0,0,0,0,0,0,7,107,294,306,254,56,0,0,0,0,0,0,0,0,0,2048.0,1024,0.5002603033251192,0.5460149150525719,2048.0,1024,0.5002603033251192,0.5460149150525719,2048.0,1024,0.5002603033251192,0.5460149150525719
H16_philow_rholow_s12,eo:model-step=010400-wql=0.2141-mase=0.9670-composite=0.5152,0.4842531267699124,0.5469421684342639,0.9716796875,1024,128,6.3,4.9,0.01,0.0,0.4952484697390327,0.544701733211588,0.4842531267699124,0.5469421684342639,1024,657.957007728517,488.4112390900195,0.0838179737329483,1.432992696762085,1024,148.44229890592396,30.450117568096342,0.021880192682147026,0.5694727301597595,0,0,0,0,0,0,0,0,0,0,0,0,0,0,0,0,0,0,2,14,70,345,493,100,0,0,0,0,0,0,0,0,0,0,0,0,0,0,0,0,0,0,0,0,0,0,0,12,122,296,288,242,63,1,0,0,0,0,0,0,0,0,2048.0,1024,0.4842531267699124,0.5469421684342639,2048.0,1024,0.4842531267699124,0.5469421684342639,2048.0,1024,0.4842531267699124,0.5469421684342639
H16_philow_rholow_s13,eo:model-step=010400-wql=0.2141-mase=0.9670-composite=0.5152,0.4895450210193122,0.5511670492691867,0.9794921875,1024,128,7.8,6.45,0.01,0.0,0.5028757712107944,0.5489453055544893,0.4895450210193122,0.5511670492691867,1024,656.1935436800122,477.48063699891253,0.07966174930334091,1.3521833419799805,1024,143.8390129134059,28.669862975662355,0.01809706725180149,0.5133169889450073,0,0,0,0,0,0,0,0,0,0,0,0,0,0,0,0,0,0,1,6,69,349,512,87,0,0,0,0,0,0,0,0,0,0,0,0,0,0,0,0,0,0,0,0,0,0,0,11,142,287,306,218,60,0,0,0,0,0,0,0,0,0,2048.0,1024,0.4895450210193122,0.5511670492691867,2048.0,1024,0.4895450210193122,0.5511670492691867,2048.0,1024,0.4895450210193122,0.5511670492691867
H16_philow_rholow_s14,eo:model-step=010400-wql=0.2141-mase=0.9670-composite=0.5152,0.4791461023983502,0.5537816769385235,0.9736328125,1024,128,5.8,4.94,0.01,0.0,0.49175298641576937,0.5477546746565283,0.4791461023983502,0.5537816769385235,1024,662.3441810235381,484.8626532071337,0.09221039712429047,1.34803307056427,1024,148.49310810491443,29.63836578502825,0.02066619321703911,0.5231684446334839,0,0,0,0,0,0,0,0,0,0,0,0,0,0,0,0,0,0,2,11,50,338,541,82,0,0,0,0,0,0,0,0,0,0,0,0,0,0,0,0,0,0,0,0,0,0,0,8,111,295,313,242,55,0,0,0,0,0,0,0,0,0,2048.0,1024,0.4791461023983502,0.5537816769385235,2048.0,1024,0.4791461023983502,0.5537816769385235,2048.0,1024,0.4791461023983502,0.5537816769385235
H16_philow_rholow_s15,eo:model-step=010400-wql=0.2141-mase=0.9670-composite=0.5152,0.4862711325122706,0.5469010449622622,0.9736328125,1024,128,6.1,4.67,0.01,0.0,0.5014862071384905,0.5465876517577164,0.4862711325122706,0.5469010449622622,1024,650.0221252590418,472.17415631247707,0.06530313938856125,1.40360689163208,1024,150.1025675740093,30.60758023229113,0.021054960787296295,0.5431464314460754,0,0,0,0,0,0,0,0,0,0,0,0,0,0,0,0,0,0,1,14,48,395,473,93,0,0,0,0,0,0,0,0,0,0,0,0,0,0,0,0,0,0,0,0,0,0,0,13,111,273,326,236,65,0,0,0,0,0,0,0,0,0,2048.0,1024,0.4862711325122706,0.5469010449622622,2048.0,1024,0.4862711325122706,0.5469010449622622,2048.0,1024,0.4862711325122706,0.5469010449622622
H16_philow_rhomid_s00,eo:model-step=010400-wql=0.2141-mase=0.9670-composite=0.5152,0.48289281990669186,0.5495159535960159,0.966796875,1024,128,6.2,4.84,0.01,0.0,0.4961359069258923,0.5471545358095333,0.48289281990669186,0.5495159535960159,1024,666.1777945011854,496.0507872970752,0.0902821272611618,1.4809587001800537,1024,145.9964998010546,28.84776816245441,0.01717577688395977,0.5132378935813904,0,0,0,0,0,0,0,0,0,0,0,0,0,0,0,0,0,0,3,14,56,336,498,117,0,0,0,0,0,0,0,0,0,0,0,0,0,0,0,0,0,0,0,0,0,0,1,12,107,301,313,232,58,0,0,0,0,0,0,0,0,0,2048.0,1024,0.48289281990669186,0.5495159535960159,2048.0,1024,0.48289281990669186,0.5495159535960159,2048.0,1024,0.48289281990669186,0.5495159535960159
H16_philow_rhomid_s01,eo:model-step=010400-wql=0.2141-mase=0.9670-composite=0.5152,0.48443740354593434,0.5527770097162921,0.97265625,1024,128,6.3,4.87,0.01,0.0,0.5016200152074807,0.5532669071475839,0.48443740354593434,0.5527770097162921,1024,656.9574329257011,478.1393660397734,0.04564610868692398,1.3202688694000244,1024,147.88719527982175,29.931008353872397,0.021696047857403755,0.6026526093482971,0,0,0,0,0,0,0,0,0,0,0,0,0,0,0,0,0,1,2,5,58,355,516,87,0,0,0,0,0,0,0,0,0,0,0,0,0,0,0,0,0,0,0,0,0,0,0,14,131,281,295,243,59,1,0,0,0,0,0,0,0,0,2048.0,1024,0.48443740354593434,0.5527770097162921,2048.0,1024,0.48443740354593434,0.5527770097162921,2048.0,1024,0.48443740354593434,0.5527770097162921
H16_philow_rhomid_s02,eo:model-step=010400-wql=0.2141-mase=0.9670-composite=0.5152,0.47821714164895224,0.5419630868048837,0.9658203125,1024,128,6.2,4.93,0.01,0.0,0.48552073902199067,0.5376473551476704,0.47821714164895224,0.5419630868048837,1024,659.2432179041207,483.7016703187726,0.04537941887974739,1.4168083667755127,1024,147.4124089870602,29.942235488436417,0.02233346924185753,0.5876924991607666,0,0,0,0,0,0,0,0,0,0,0,0,0,0,0,0,0,1,0,8,71,336,527,81,0,0,0,0,0,0,0,0,0,0,0,0,0,0,0,0,0,0,0,0,0,0,0,19,123,277,315,214,75,1,0,0,0,0,0,0,0,0,2048.0,1024,0.47821714164895224,0.5419630868048837,2048.0,1024,0.47821714164895224,0.5419630868048837,2048.0,1024,0.47821714164895224,0.5419630868048837
H16_philow_rhomid_s03,eo:model-step=010400-wql=0.2141-mase=0.9670-composite=0.5152,0.4843914305239272,0.5434226433531222,0.9697265625,1024,128,7.8,4.95,0.01,0.0,0.506438489956734,0.5528001544132068,0.4843914305239272,0.5434226433531222,1024,664.5332795754075,492.04182410497026,0.07854358106851578,1.3436975479125977,1024,149.8171153422445,30.400657757532755,0.023300571367144585,0.5226974487304688,0,0,0,0,0,0,0,0,0,0,0,0,0,0,0,0,0,0,1,7,60,343,520,93,0,0,0,0,0,0,0,0,0,0,0,0,0,0,0,0,0,0,0,0,0,0,0,9,106,291,309,257,52,0,0,0,0,0,0,0,0,0,2048.0,1024,0.4843914305239272,0.5434226433531222,2048.0,1024,0.4843914305239272,0.5434226433531222,2048.0,1024,0.4843914305239272,0.5434226433531222
H16_philow_rhomid_s04,eo:model-step=010400-wql=0.2141-mase=0.9670-composite=0.5152,0.4778419329518998,0.5430919848611495,0.970703125,1024,128,6.1,4.81,0.01,0.0,0.49233989431339653,0.5427899036900152,0.4778419329518998,0.5430919848611495,1024,661.3495085835457,485.79634234688876,0.09491340816020966,1.3765177726745605,1024,149.90705684386194,30.989756286003054,0.018635567277669907,0.5090132355690002,0,0,0,0,0,0,0,0,0,0,0,0,0,0,0,0,0,0,3,7,57,335,531,91,0,0,0,0,0,0,0,0,0,0,0,0,0,0,0,0,0,0,0,0,0,0,0,10,138,267,300,242,67,0,0,0,0,0,0,0,0,0,2048.0,1024,0.4778419329518998,0.5430919848611495,2048.0,1024,0.4778419329518998,0.5430919848611495,2048.0,1024,0.4778419329518998,0.5430919848611495
H16_philow_rhomid_s05,eo:model-step=010400-wql=0.2141-mase=0.9670-composite=0.5152,0.4721225328101796,0.5434579766197907,0.96484375,1024,128,6.0,4.71,0.01,0.0,0.48292828509603125,0.5394310822247399,0.4721225328101796,0.5434579766197907,1024,666.9285808950663,492.3612785139794,0.10250498354434967,1.2690606117248535,1024,151.08261319622397,30.781955343830944,0.022074395790696144,0.5002158880233765,0,0,0,0,0,0,0,0,0,0,0,0,0,0,0,0,0,0,0,7,60,335,524,98,0,0,0,0,0,0,0,0,0,0,0,0,0,0,0,0,0,0,0,0,0,0,0,11,107,269,334,239,64,0,0,0,0,0,0,0,0,0,2048.0,1024,0.4721225328101796,0.5434579766197907,2048.0,1024,0.4721225328101796,0.5434579766197907,2048.0,1024,0.4721225328101796,0.5434579766197907
H16_philow_rhomid_s06,eo:model-step=010400-wql=0.2141-mase=0.9670-composite=0.5152,0.49366873703098796,0.5513718214167889,0.9560546875,1024,128,6.0,4.76,0.01,0.0,0.5114988415593236,0.5530504060675567,0.49366873703098796,0.5513718214167889,1024,659.1009012460709,480.3897054333726,0.0816536396741867,1.3252243995666504,1024,156.13670977577567,32.94983963899702,0.024519745260477066,0.5282762050628662,0,0,0,0,0,0,0,0,0,0,0,0,0,0,0,0,0,0,1,11,52,354,513,93,0,0,0,0,0,0,0,0,0,0,0,0,0,0,0,0,0,0,0,0,0,0,0,5,106,269,314,257,73,0,0,0,0,0,0,0,0,0,2048.0,1024,0.49366873703098796,0.5513718214167889,2048.0,1024,0.49366873703098796,0.5513718214167889,2048.0,1024,0.49366873703098796,0.5513718214167889
H16_philow_rhomid_s07,eo:model-step=010400-wql=0.2141-mase=0.9670-composite=0.5152,0.49211711673147474,0.5555832188731451,0.97265625,1024,128,6.2,4.85,0.01,0.0,0.5075178689358608,0.553675132020653,0.49211711673147474,0.5555832188731451,1024,666.5684703439474,492.8526697873581,0.09264612197875977,1.3136531114578247,1024,149.25221178680658,30.793634515361184,0.020665470510721207,0.5363805294036865,0,0,0,0,0,0,0,0,0,0,0,0,0,0,0,0,0,0,1,8,58,329,525,103,0,0,0,0,0,0,0,0,0,0,0,0,0,0,0,0,0,0,0,0,0,0,0,8,125,285,310,230,66,0,0,0,0,0,0,0,0,0,2048.0,1024,0.49211711673147474,0.5555832188731451,2048.0,1024,0.49211711673147474,0.5555832188731451,2048.0,1024,0.49211711673147474,0.5555832188731451
H16_philow_rhomid_s08,eo:model-step=010400-wql=0.2141-mase=0.9670-composite=0.5152,0.48641196940214615,0.5486020664108189,0.974609375,1024,128,8.0,6.48,0.01,0.0,0.5025749859264078,0.5510612562746323,0.48641196940214615,0.5486020664108189,1024,658.8730685710907,481.6160278852068,0.15584050118923187,1.423413634300232,1024,146.82399711571634,29.32289722426978,0.018671544268727303,0.5330382585525513,0,0,0,0,0,0,0,0,0,0,0,0,0,0,0,0,0,0,0,6,60,363,502,93,0,0,0,0,0,0,0,0,0,0,0,0,0,0,0,0,0,0,0,0,0,0,0,11,110,292,325,230,56,0,0,0,0,0,0,0,0,0,2048.0,1024,0.48641196940214615,0.5486020664108189,2048.0,1024,0.48641196940214615,0.5486020664108189,2048.0,1024,0.48641196940214615,0.5486020664108189
H16_philow_rhomid_s09,eo:model-step=010400-wql=0.2141-mase=0.9670-composite=0.5152,0.4762714080590254,0.5452921287895978,0.9775390625,1024,128,6.1,4.76,0.01,0.0,0.4836122789135997,0.540632133168772,0.4762714080590254,0.5452921287895978,1024,660.7579025477171,481.32688438813517,0.10658275336027145,1.3110284805297852,1024,146.28445532917976,29.497431435068425,0.022644318640232086,0.5984922647476196,0,0,0,0,0,0,0,0,0,0,0,0,0,0,0,0,0,0,0,9,57,335,542,81,0,0,0,0,0,0,0,0,0,0,0,0,0,0,0,0,0,0,0,0,0,0,0,11,133,289,290,232,68,1,0,0,0,0,0,0,0,0,2048.0,1024,0.4762714080590254,0.5452921287895978,2048.0,1024,0.4762714080590254,0.5452921287895978,2048.0,1024,0.4762714080590254,0.5452921287895978
H16_philow_rhomid_s10,eo:model-step=010400-wql=0.2141-mase=0.9670-composite=0.5152,0.4819447442972617,0.5481177517921904,0.96484375,1024,128,6.2,4.79,0.01,0.0,0.49282768397444415,0.5426401388569819,0.4819447442972617,0.5481177517921904,1024,667.3472815454006,497.6876309261568,0.10509653389453888,1.312914490699768,1024,152.01722274534404,32.124602242898156,0.018635855987668037,0.5290789008140564,0,0,0,0,0,0,0,0,0,0,0,0,0,0,0,0,0,0,0,6,68,339,513,98,0,0,0,0,0,0,0,0,0,0,0,0,0,0,0,0,0,0,0,0,0,0,0,16,114,303,271,251,69,0,0,0,0,0,0,0,0,0,2048.0,1024,0.4819447442972617,0.5481177517921904,2048.0,1024,0.4819447442972617,0.5481177517921904,2048.0,1024,0.4819447442972617,0.5481177517921904
H16_philow_rhomid_s11,eo:model-step=010400-wql=0.2141-mase=0.9670-composite=0.5152,0.5002603033251192,0.5460149150525719,0.966796875,1024,128,5.6,4.76,0.01,0.0,0.5194667282397316,0.5523868610804809,0.5002603033251192,0.5460149150525719,1024,656.3033656775951,480.6234902178894,0.04972321540117264,1.3590277433395386,1024,149.17723968997598,29.988583740162984,0.024194352328777313,0.5530599355697632,0,0,0,0,0,0,0,0,0,0,0,0,0,0,0,0,0,1,3,11,63,336,521,89,0,0,0,0,0,0,0,0,0,0,0,0,0,0,0,0,0,0,0,0,0,0,0,7,107,294,306,254,56,0,0,0,0,0,0,0,0,0,2048.0,1024,0.5002603033251192,0.5460149150525719,2048.0,1024,0.5002603033251192,0.5460149150525719,2048.0,1024,0.5002603033251192,0.5460149150525719
H16_philow_rhomid_s12,eo:model-step=010400-wql=0.2141-mase=0.9670-composite=0.5152,0.4842531267699124,0.5469421684342639,0.9716796875,1024,128,5.7,4.88,0.01,0.0,0.4952484697390327,0.544701733211588,0.4842531267699124,0.5469421684342639,1024,657.957007728517,488.4112390900195,0.0838179737329483,1.432992696762085,1024,148.44229890592396,30.450117568096342,0.021880192682147026,0.5694727301597595,0,0,0,0,0,0,0,0,0,0,0,0,0,0,0,0,0,0,2,14,70,345,493,100,0,0,0,0,0,0,0,0,0,0,0,0,0,0,0,0,0,0,0,0,0,0,0,12,122,296,288,242,63,1,0,0,0,0,0,0,0,0,2048.0,1024,0.4842531267699124,0.5469421684342639,2048.0,1024,0.4842531267699124,0.5469421684342639,2048.0,1024,0.4842531267699124,0.5469421684342639
H16_philow_rhomid_s13,eo:model-step=010400-wql=0.2141-mase=0.9670-composite=0.5152,0.4895450210193122,0.5511670492691867,0.9794921875,1024,128,7.7,6.47,0.01,0.0,0.5028757712107944,0.5489453055544893,0.4895450210193122,0.5511670492691867,1024,656.1935436800122,477.48063699891253,0.07966174930334091,1.3521833419799805,1024,143.8390129134059,28.669862975662355,0.01809706725180149,0.5133169889450073,0,0,0,0,0,0,0,0,0,0,0,0,0,0,0,0,0,0,1,6,69,349,512,87,0,0,0,0,0,0,0,0,0,0,0,0,0,0,0,0,0,0,0,0,0,0,0,11,142,287,306,218,60,0,0,0,0,0,0,0,0,0,2048.0,1024,0.4895450210193122,0.5511670492691867,2048.0,1024,0.4895450210193122,0.5511670492691867,2048.0,1024,0.4895450210193122,0.5511670492691867
H16_philow_rhomid_s14,eo:model-step=010400-wql=0.2141-mase=0.9670-composite=0.5152,0.4791461023983502,0.5537816769385235,0.9736328125,1024,128,6.2,4.81,0.01,0.0,0.49175298641576937,0.5477546746565283,0.4791461023983502,0.5537816769385235,1024,662.3441810235381,484.8626532071337,0.09221039712429047,1.34803307056427,1024,148.49310810491443,29.63836578502825,0.02066619321703911,0.5231684446334839,0,0,0,0,0,0,0,0,0,0,0,0,0,0,0,0,0,0,2,11,50,338,541,82,0,0,0,0,0,0,0,0,0,0,0,0,0,0,0,0,0,0,0,0,0,0,0,8,111,295,313,242,55,0,0,0,0,0,0,0,0,0,2048.0,1024,0.4791461023983502,0.5537816769385235,2048.0,1024,0.4791461023983502,0.5537816769385235,2048.0,1024,0.4791461023983502,0.5537816769385235
H16_philow_rhomid_s15,eo:model-step=010400-wql=0.2141-mase=0.9670-composite=0.5152,0.4862711325122706,0.5469010449622622,0.9736328125,1024,128,6.2,4.77,0.01,0.0,0.5014862071384905,0.5465876517577164,0.4862711325122706,0.5469010449622622,1024,650.0221252590418,472.17415631247707,0.06530313938856125,1.40360689163208,1024,150.1025675740093,30.60758023229113,0.021054960787296295,0.5431464314460754,0,0,0,0,0,0,0,0,0,0,0,0,0,0,0,0,0,0,1,14,48,395,473,93,0,0,0,0,0,0,0,0,0,0,0,0,0,0,0,0,0,0,0,0,0,0,0,13,111,273,326,236,65,0,0,0,0,0,0,0,0,0,2048.0,1024,0.4862711325122706,0.5469010449622622,2048.0,1024,0.4862711325122706,0.5469010449622622,2048.0,1024,0.4862711325122706,0.5469010449622622
H16_phimid_rhohigh_s00,eo:model-step=010400-wql=0.2141-mase=0.9670-composite=0.5152,0.4634922896378763,0.5339876460723962,0.9365234375,1024,128,6.6,4.72,0.01,0.0,0.484500220065175,0.5364566377214066,0.4634922896378763,0.5339876460723962,1024,684.405842795968,530.2668011860624,0.055667608976364136,1.5663617849349976,1024,146.35421022959054,29.736118241045066,0.019999921321868896,0.5511219501495361,0,0,0,0,0,0,0,0,0,0,0,0,0,0,0,0,0,1,0,12,71,309,505,126,0,0,0,0,0,0,0,0,0,0,0,0,0,0,0,0,0,0,0,0,0,0,0,10,122,294,325,211,62,0,0,0,0,0,0,0,0,0,2048.0,1024,0.4634922896378763,0.5339876460723962,2048.0,1024,0.4634922896378763,0.5339876460723962,2048.0,1024,0.4634922896378763,0.5339876460723962
H16_phimid_rhohigh_s01,eo:model-step=010400-wql=0.2141-mase=0.9670-composite=0.5152,0.4813474228403923,0.5517157465425948,0.9306640625,1024,128,6.8,4.9,0.01,0.0,0.509319424169484,0.5580369562064689,0.4813474228403923,0.5517157465425948,1024,669.9245685786009,503.9078222851527,0.10625889897346497,1.4427282810211182,1024,150.6744073368609,31.430665169629332,0.021951787173748016,0.5331908464431763,0,0,0,0,0,0,0,0,0,0,0,0,0,0,0,0,0,0,0,10,55,362,481,116,0,0,0,0,0,0,0,0,0,0,0,0,0,0,0,0,0,0,0,0,0,0,0,12,124,283,287,240,78,0,0,0,0,0,0,0,0,0,2048.0,1024,0.4813474228403923,0.5517157465425948,2048.0,1024,0.4813474228403923,0.5517157465425948,2048.0,1024,0.4813474228403923,0.5517157465425948
H16_phimid_rhohigh_s02,eo:model-step=010400-wql=0.2141-mase=0.9670-composite=0.5152,0.4512774383102533,0.5295037698262585,0.943359375,1024,128,8.0,6.48,0.01,0.0,0.4670120739334016,0.527973280135395,0.4512774383102533,0.5295037698262585,1024,682.227945305407,527.7969036268538,0.08583193272352219,1.4400988817214966,1024,150.69810606725514,32.260699936824224,0.023523297160863876,0.570143461227417,0,0,0,0,0,0,0,0,0,0,0,0,0,0,0,0,0,0,1,8,67,341,463,144,0,0,0,0,0,0,0,0,0,0,0,0,0,0,0,0,0,0,0,0,0,0,0,13,129,285,295,235,65,2,0,0,0,0,0,0,0,0,2048.0,1024,0.4512774383102533,0.5295037698262585,2048.0,1024,0.4512774383102533,0.5295037698262585,2048.0,1024,0.4512774383102533,0.5295037698262585
H16_phimid_rhohigh_s03,eo:model-step=010400-wql=0.2141-mase=0.9670-composite=0.5152,0.4734459753629165,0.5428819767690298,0.9453125,1024,128,6.2,4.79,0.01,0.0,0.5017255290115871,0.5535096477323733,0.4734459753629165,0.5428819767690298,1024,671.4965780302882,514.2945576336166,0.10569055378437042,1.4929826259613037,1024,146.6181719880551,29.09229725827436,0.021159132942557335,0.5229144096374512,0,0,0,0,0,0,0,0,0,0,0,0,0,0,0,0,0,0,0,9,82,333,481,119,0,0,0,0,0,0,0,0,0,0,0,0,0,0,0,0,0,0,0,0,0,0,0,12,111,306,300,241,54,0,0,0,0,0,0,0,0,0,2048.0,1024,0.4734459753629165,0.5428819767690298,2048.0,1024,0.4734459753629165,0.5428819767690298,2048.0,1024,0.4734459753629165,0.5428819767690298
H16_phimid_rhohigh_s04,eo:model-step=010400-wql=0.2141-mase=0.9670-composite=0.5152,0.4555378195182237,0.5175097364772658,0.955078125,1024,128,5.4,4.74,0.01,0.0,0.4738014469170154,0.5226083553187952,0.4555378195182237,0.5175097364772658,1024,670.3279145210981,508.30438964995403,0.08323398977518082,1.4401061534881592,1024,150.06704908423126,31.6164733743936,0.025120297446846962,0.6624305248260498,0,0,0,0,0,0,0,0,0,0,0,0,0,0,0,0,0,0,3,11,69,348,484,109,0,0,0,0,0,0,0,0,0,0,0,0,0,0,0,0,0,0,0,0,0,0,0,8,138,280,294,229,74,1,0,0,0,0,0,0,0,0,2048.0,1024,0.4555378195182237,0.5175097364772658,2048.0,1024,0.4555378195182237,0.5175097364772658,2048.0,1024,0.4555378195182237,0.5175097364772658
H16_phimid_rhohigh_s05,eo:model-step=010400-wql=0.2141-mase=0.9670-composite=0.5152,0.4525630778233074,0.5222120575904335,0.9541015625,1024,128,5.9,4.78,0.01,0.0,0.47034020214669237,0.5243517261050836,0.4525630778233074,0.5222120575904335,1024,672.6376926079392,508.1087544722212,0.09635838121175766,1.3768913745880127,1024,149.53537482209504,30.427712768715914,0.025460239499807358,0.5419361591339111,0,0,0,0,0,0,0,0,0,0,0,0,0,0,0,0,0,0,3,8,62,335,511,105,0,0,0,0,0,0,0,0,0,0,0,0,0,0,0,0,0,0,0,0,0,0,0,8,120,272,317,245,62,0,0,0,0,0,0,0,0,0,2048.0,1024,0.4525630778233074,0.5222120575904335,2048.0,1024,0.4525630778233074,0.5222120575904335,2048.0,1024,0.4525630778233074,0.5222120575904335
H16_phimid_rhohigh_s06,eo:model-step=010400-wql=0.2141-mase=0.9670-composite=0.5152,0.47782544676279437,0.5430629936097724,0.9326171875,1024,128,6.5,4.9,0.01,0.0,0.5029325608532988,0.545101046496522,0.47782544676279437,0.5430629936097724,1024,670.4120714068413,502.5885267667355,0.09456289559602737,1.4156441688537598,1024,154.7010449822992,32.732564366233476,0.015342853963375092,0.5208197236061096,0,0,0,0,0,0,0,0,0,0,0,0,0,0,0,0,0,0,1,8,56,343,506,110,0,0,0,0,0,0,0,0,0,0,0,0,0,0,0,0,0,0,0,0,0,0,1,8,109,286,286,262,72,0,0,0,0,0,0,0,0,0,2048.0,1024,0.47782544676279437,0.5430629936097724,2048.0,1024,0.47782544676279437,0.5430629936097724,2048.0,1024,0.47782544676279437,0.5430629936097724
H16_phimid_rhohigh_s07,eo:model-step=010400-wql=0.2141-mase=0.9670-composite=0.5152,0.46721853497651866,0.531511828329192,0.94140625,1024,128,6.3,4.99,0.01,0.0,0.49342622754814397,0.5404213593758651,0.46721853497651866,0.531511828329192,1024,667.8787083700299,497.5642413424338,0.09949260950088501,1.4066787958145142,1024,146.7297591585666,30.12859209283447,0.020543793216347694,0.5312274694442749,0,0,0,0,0,0,0,0,0,0,0,0,0,0,0,0,0,0,1,6,66,329,521,101,0,0,0,0,0,0,0,0,0,0,0,0,0,0,0,0,0,0,0,0,0,0,0,9,130,294,308,206,77,0,0,0,0,0,0,0,0,0,2048.0,1024,0.46721853497651866,0.531511828329192,2048.0,1024,0.46721853497651866,0.531511828329192,2048.0,1024,0.46721853497651866,0.531511828329192
H16_phimid_rhohigh_s08,eo:model-step=010400-wql=0.2141-mase=0.9670-composite=0.5152,0.4669180139601625,0.5369934861350638,0.9521484375,1024,128,7.7,4.83,0.01,0.0,0.48835789574534677,0.5403246054746991,0.4669180139601625,0.5369934861350638,1024,672.5567931681871,506.11856345582146,0.06062383949756622,1.4077273607254028,1024,145.4223334286362,28.6789226644286,0.021454982459545135,0.4542558193206787,0,0,0,0,0,0,0,0,0,0,0,0,0,0,0,0,0,0,1,9,47,349,516,102,0,0,0,0,0,0,0,0,0,0,0,0,0,0,0,0,0,0,0,0,0,0,0,15,121,276,334,216,62,0,0,0,0,0,0,0,0,0,2048.0,1024,0.4669180139601625,0.5369934861350638,2048.0,1024,0.4669180139601625,0.5369934861350638,2048.0,1024,0.4669180139601625,0.5369934861350638
H16_phimid_rhohigh_s09,eo:model-step=010400-wql=0.2141-mase=0.9670-composite=0.5152,0.4641438778815258,0.5488823322695933,0.9267578125,1024,128,6.0,4.77,0.01,0.0,0.4846794443638715,0.5480366638020009,0.4641438778815258,0.5488823322695933,1024,675.3295732885599,509.72669892202055,0.09903958439826965,1.4583854675292969,1024,150.4109139945358,31.010679246106484,0.01734786666929722,0.5760502815246582,0,0,0,0,0,0,0,0,0,0,0,0,0,0,0,0,0,0,1,17,40,348,505,113,0,0,0,0,0,0,0,0,0,0,0,0,0,0,0,0,0,0,0,0,0,0,1,14,111,290,293,248,66,1,0,0,0,0,0,0,0,0,2048.0,1024,0.4641438778815258,0.5488823322695933,2048.0,1024,0.4641438778815258,0.5488823322695933,2048.0,1024,0.4641438778815258,0.5488823322695933
H16_phimid_rhohigh_s10,eo:model-step=010400-wql=0.2141-mase=0.9670-composite=0.5152,0.47494354756463675,0.5402631051579629,0.9384765625,1024,128,6.1,4.74,0.01,0.0,0.4916884459830512,0.5384794299445073,0.47494354756463675,0.5402631051579629,1024,680.923418276012,521.6437765970918,0.1197051927447319,1.4177708625793457,1024,153.02328593283892,32.886714034603166,0.022437267005443573,0.553135871887207,0,0,0,0,0,0,0,0,0,0,0,0,0,0,0,0,0,0,0,8,58,341,494,123,0,0,0,0,0,0,0,0,0,0,0,0,0,0,0,0,0,0,0,0,0,0,0,21,126,270,295,229,83,0,0,0,0,0,0,0,0,0,2048.0,1024,0.47494354756463675,0.5402631051579629,2048.0,1024,0.47494354756463675,0.5402631051579629,2048.0,1024,0.47494354756463675,0.5402631051579629
H16_phimid_rhohigh_s11,eo:model-step=010400-wql=0.2141-mase=0.9670-composite=0.5152,0.47919401818213103,0.534561408079801,0.9482421875,1024,128,6.3,4.84,0.01,0.0,0.5088854368744236,0.5482971141888249,0.47919401818213103,0.534561408079801,1024,660.7927689403296,496.84342744265507,0.04911820590496063,1.464730978012085,1024,146.31324256397784,29.342601769538973,0.02209503948688507,0.5715810656547546,0,0,0,0,0,0,0,0,0,0,0,0,0,0,0,0,0,1,2,10,85,343,471,112,0,0,0,0,0,0,0,0,0,0,0,0,0,0,0,0,0,0,0,0,0,0,0,14,121,297,302,234,55,1,0,0,0,0,0,0,0,0,2048.0,1024,0.47919401818213103,0.534561408079801,2048.0,1024,0.47919401818213103,0.534561408079801,2048.0,1024,0.47919401818213103,0.534561408079801
H16_phimid_rhohigh_s12,eo:model-step=010400-wql=0.2141-mase=0.9670-composite=0.5152,0.45256692035516644,0.5278394604142023,0.9453125,1024,128,6.4,4.95,0.01,0.0,0.47484419847602605,0.5324626892068731,0.45256692035516644,0.5278394604142023,1024,674.4102241545916,517.0343529991446,0.09860125929117203,1.4918982982635498,1024,150.507037229836,31.961945096859164,0.02454451285302639,0.5850293040275574,0,0,0,0,0,0,0,0,0,0,0,0,0,0,0,0,0,0,1,11,71,344,470,127,0,0,0,0,0,0,0,0,0,0,0,0,0,0,0,0,0,0,0,0,0,0,0,15,116,290,309,216,77,1,0,0,0,0,0,0,0,0,2048.0,1024,0.45256692035516644,0.5278394604142023,2048.0,1024,0.45256692035516644,0.5278394604142023,2048.0,1024,0.45256692035516644,0.5278394604142023
H16_phimid_rhohigh_s13,eo:model-step=010400-wql=0.2141-mase=0.9670-composite=0.5152,0.46972069163435637,0.5315072981208031,0.955078125,1024,128,7.8,6.3,0.01,0.0,0.4979190719438972,0.5441639178153781,0.46972069163435637,0.5315072981208031,1024,670.150009162724,507.8321693010751,0.0604577511548996,1.5690652132034302,1024,146.311344595626,30.238465430978728,0.022978579625487328,0.642101526260376,0,0,0,0,0,0,0,0,0,0,0,0,0,0,0,0,0,0,3,11,69,328,502,111,0,0,0,0,0,0,0,0,0,0,0,0,0,0,0,0,0,0,0,0,0,0,0,17,131,303,275,223,74,1,0,0,0,0,0,0,0,0,2048.0,1024,0.46972069163435637,0.5315072981208031,2048.0,1024,0.46972069163435637,0.5315072981208031,2048.0,1024,0.46972069163435637,0.5315072981208031
H16_phimid_rhohigh_s14,eo:model-step=010400-wql=0.2141-mase=0.9670-composite=0.5152,0.4666214058214692,0.5413835951160217,0.9423828125,1024,128,6.2,4.76,0.01,0.0,0.4902716174772059,0.5437957124615813,0.4666214058214692,0.5413835951160217,1024,673.0043693557382,509.3279278451695,0.1029098629951477,1.4599612951278687,1024,149.73856459371746,30.278099745706996,0.022575879469513893,0.5472171902656555,0,0,0,0,0,0,0,0,0,0,0,0,0,0,0,0,0,0,0,15,65,322,510,112,0,0,0,0,0,0,0,0,0,0,0,0,0,0,0,0,0,0,0,0,0,0,0,12,108,288,301,255,60,0,0,0,0,0,0,0,0,0,2048.0,1024,0.4666214058214692,0.5413835951160217,2048.0,1024,0.4666214058214692,0.5413835951160217,2048.0,1024,0.4666214058214692,0.5413835951160217
H16_phimid_rhohigh_s15,eo:model-step=010400-wql=0.2141-mase=0.9670-composite=0.5152,0.46903724650929834,0.5352453092444003,0.94140625,1024,128,6.6,4.74,0.01,0.0,0.49022295475137995,0.5395445677011335,0.46903724650929834,0.5352453092444003,1024,657.1513012982905,488.8863705806471,0.04186585918068886,1.4302772283554077,1024,147.45543972216547,30.134177128277422,0.023718085139989853,0.5204669833183289,0,0,0,0,0,0,0,0,0,0,0,0,0,0,0,0,0,1,3,13,64,367,477,99,0,0,0,0,0,0,0,0,0,0,0,0,0,0,0,0,0,0,0,0,0,0,0,10,136,299,275,243,61,0,0,0,0,0,0,0,0,0,2048.0,1024,0.46903724650929834,0.5352453092444003,2048.0,1024,0.46903724650929834,0.5352453092444003,2048.0,1024,0.46903724650929834,0.5352453092444003
H16_phimid_rholow_s00,eo:model-step=010400-wql=0.2141-mase=0.9670-composite=0.5152,0.46574816000890096,0.538205596646132,0.9404296875,1024,128,6.7,4.85,0.01,0.0,0.48837389336965703,0.5455446562336609,0.46574816000890096,0.538205596646132,1024,678.7972182407975,521.9996735696806,0.11263734102249146,1.4396576881408691,1024,148.22034481540322,30.133365261578,0.024249115958809853,0.5142133235931396,0,0,0,0,0,0,0,0,0,0,0,0,0,0,0,0,0,0,0,14,70,318,495,127,0,0,0,0,0,0,0,0,0,0,0,0,0,0,0,0,0,0,0,0,0,0,0,12,112,300,299,237,64,0,0,0,0,0,0,0,0,0,2048.0,1024,0.46574816000890096,0.538205596646132,2048.0,1024,0.46574816000890096,0.538205596646132,2048.0,1024,0.46574816000890096,0.538205596646132
H16_phimid_rholow_s01,eo:model-step=010400-wql=0.2141-mase=0.9670-composite=0.5152,0.46733792711548505,0.5444832560169665,0.9365234375,1024,128,6.6,4.95,0.01,0.0,0.4875911707146056,0.5458604877250283,0.46733792711548505,0.5444832560169665,1024,663.5031152442098,494.0850955200861,0.06517887115478516,1.4421617984771729,1024,147.367370640859,30.049929951070766,0.015803908929228783,0.5602909326553345,0,0,0,0,0,0,0,0,0,0,0,0,0,0,0,0,0,0,3,15,54,338,509,105,0,0,0,0,0,0,0,0,0,0,0,0,0,0,0,0,0,0,0,0,0,0,1,18,136,265,306,238,60,0,0,0,0,0,0,0,0,0,2048.0,1024,0.46733792711548505,0.5444832560169665,2048.0,1024,0.46733792711548505,0.5444832560169665,2048.0,1024,0.46733792711548505,0.5444832560169665
H16_phimid_rholow_s02,eo:model-step=010400-wql=0.2141-mase=0.9670-composite=0.5152,0.4658049180467043,0.5362062130822067,0.9443359375,1024,128,8.3,4.82,0.01,0.0,0.48498162096911807,0.5401688077237607,0.4658049180467043,0.5362062130822067,1024,668.2629880085588,506.3184234263225,0.07115950435400009,1.5186760425567627,1024,151.27505011111498,31.69768696436214,0.026609856635332108,0.5800104141235352,0,0,0,0,0,0,0,0,0,0,0,0,0,0,0,0,0,0,2,12,61,363,465,121,0,0,0,0,0,0,0,0,0,0,0,0,0,0,0,0,0,0,0,0,0,0,0,5,123,288,303,229,75,1,0,0,0,0,0,0,0,0,2048.0,1024,0.4658049180467043,0.5362062130822067,2048.0,1024,0.4658049180467043,0.5362062130822067,2048.0,1024,0.4658049180467043,0.5362062130822067
H16_phimid_rholow_s03,eo:model-step=010400-wql=0.2141-mase=0.9670-composite=0.5152,0.4632431105839072,0.5285372947759697,0.951171875,1024,128,6.2,4.76,0.01,0.0,0.4976112244243311,0.5441342561753852,0.4632431105839072,0.5285372947759697,1024,683.8942894265056,531.4328744786822,0.07744564116001129,1.4441746473312378,1024,149.749042827636,30.77840225934109,0.01820298284292221,0.5402692556381226,0,0,0,0,0,0,0,0,0,0,0,0,0,0,0,0,0,0,2,10,69,322,491,130,0,0,0,0,0,0,0,0,0,0,0,0,0,0,0,0,0,0,0,0,0,0,0,11,113,290,318,221,71,0,0,0,0,0,0,0,0,0,2048.0,1024,0.4632431105839072,0.5285372947759697,2048.0,1024,0.4632431105839072,0.5285372947759697,2048.0,1024,0.4632431105839072,0.5285372947759697
H16_phimid_rholow_s04,eo:model-step=010400-wql=0.2141-mase=0.9670-composite=0.5152,0.46160036643913194,0.5285620537010269,0.9453125,1024,128,6.5,4.75,0.01,0.0,0.48859394901933684,0.5455242522562674,0.46160036643913194,0.5285620537010269,1024,680.4407113268971,519.7337568192257,0.09346301108598709,1.3671441078186035,1024,151.00194296613336,31.497464610211225,0.017912551760673523,0.573166012763977,0,0,0,0,0,0,0,0,0,0,0,0,0,0,0,0,0,0,2,12,55,327,513,115,0,0,0,0,0,0,0,0,0,0,0,0,0,0,0,0,0,0,0,0,0,0,0,10,119,279,315,232,68,1,0,0,0,0,0,0,0,0,2048.0,1024,0.46160036643913194,0.5285620537010269,2048.0,1024,0.46160036643913194,0.5285620537010269,2048.0,1024,0.46160036643913194,0.5285620537010269
H16_phimid_rholow_s05,eo:model-step=010400-wql=0.2141-mase=0.9670-composite=0.5152,0.4626879151831854,0.5435652573800308,0.9384765625,1024,128,6.2,4.86,0.01,0.0,0.48229943069455616,0.5446229941295659,0.4626879151831854,0.5435652573800308,1024,673.0464760735631,510.9589765309621,0.07645758986473083,1.3645715713500977,1024,149.17225379869342,30.60160678251869,0.019766516983509064,0.5617090463638306,0,0,0,0,0,0,0,0,0,0,0,0,0,0,0,0,0,0,3,8,78,321,495,119,0,0,0,0,0,0,0,0,0,0,0,0,0,0,0,0,0,0,0,0,0,0,0,10,110,298,299,241,66,0,0,0,0,0,0,0,0,0,2048.0,1024,0.4626879151831854,0.5435652573800308,2048.0,1024,0.4626879151831854,0.5435652573800308,2048.0,1024,0.4626879151831854,0.5435652573800308
H16_phimid_rholow_s06,eo:model-step=010400-wql=0.2141-mase=0.9670-composite=0.5152,0.47263726677307505,0.5337833281684163,0.9306640625,1024,128,6.4,4.97,0.01,0.0,0.5019270551029036,0.5444110477024068,0.47263726677307505,0.5337833281684163,1024,663.4835551194847,498.54106646777655,0.04097377881407738,1.4623939990997314,1024,154.60113998875022,32.976084011961774,0.022577505558729172,0.5519224405288696,0,0,0,0,0,0,0,0,0,0,0,0,0,0,0,0,0,1,1,13,70,337,494,108,0,0,0,0,0,0,0,0,0,0,0,0,0,0,0,0,0,0,0,0,0,0,0,15,109,284,295,235,86,0,0,0,0,0,0,0,0,0,2048.0,1024,0.47263726677307505,0.5337833281684163,2048.0,1024,0.47263726677307505,0.5337833281684163,2048.0,1024,0.47263726677307505,0.5337833281684163
H16_phimid_rholow_s07,eo:model-step=010400-wql=0.2141-mase=0.9670-composite=0.5152,0.4776113089765238,0.5497239099257942,0.9345703125,1024,128,7.8,6.28,0.01,0.0,0.5004982443426305,0.5529195488696739,0.4776113089765238,0.5497239099257942,1024,678.6000251471996,516.9691222736642,0.10869449377059937,1.4590139389038086,1024,148.1044189762324,30.41382580036632,0.02073863334953785,0.48568257689476013,0,0,0,0,0,0,0,0,0,0,0,0,0,0,0,0,0,0,0,8,61,334,503,118,0,0,0,0,0,0,0,0,0,0,0,0,0,0,0,0,0,0,0,0,0,0,0,15,129,273,317,222,68,0,0,0,0,0,0,0,0,0,2048.0,1024,0.4776113089765238,0.5497239099257942,2048.0,1024,0.4776113089765238,0.5497239099257942,2048.0,1024,0.4776113089765238,0.5497239099257942
H16_phimid_rholow_s08,eo:model-step=010400-wql=0.2141-mase=0.9670-composite=0.5152,0.4732003451992138,0.5409850969241987,0.943359375,1024,128,6.3,4.69,0.01,0.0,0.502819376128101,0.5526526196404131,0.4732003451992138,0.5409850969241987,1024,669.1125135719776,502.6312739816059,0.0879388302564621,1.5374486446380615,1024,146.7261094637215,29.907764121340612,0.019004719331860542,0.5530363321304321,0,0,0,0,0,0,0,0,0,0,0,0,0,0,0,0,0,0,2,8,54,344,506,110,0,0,0,0,0,0,0,0,0,0,0,0,0,0,0,0,0,0,0,0,0,0,0,13,128,288,316,213,66,0,0,0,0,0,0,0,0,0,2048.0,1024,0.4732003451992138,0.5409850969241987,2048.0,1024,0.4732003451992138,0.5409850969241987,2048.0,1024,0.4732003451992138,0.5409850969241987
H16_phimid_rholow_s09,eo:model-step=010400-wql=0.2141-mase=0.9670-composite=0.5152,0.4621012716028782,0.5298098947078193,0.9482421875,1024,128,6.3,4.84,0.01,0.0,0.47709261803971287,0.5301843984384871,0.4621012716028782,0.5298098947078193,1024,675.4730700701475,513.6535143644295,0.08214503526687622,1.4356697797775269,1024,145.41017971374094,29.4818981116499,0.023216918110847473,0.514533519744873,0,0,0,0,0,0,0,0,0,0,0,0,0,0,0,0,0,0,3,9,54,343,488,127,0,0,0,0,0,0,0,0,0,0,0,0,0,0,0,0,0,0,0,0,0,0,0,10,127,316,276,229,66,0,0,0,0,0,0,0,0,0,2048.0,1024,0.4621012716028782,0.5298098947078193,2048.0,1024,0.4621012716028782,0.5298098947078193,2048.0,1024,0.4621012716028782,0.5298098947078193
H16_phimid_rholow_s10,eo:model-step=010400-wql=0.2141-mase=0.9670-composite=0.5152,0.47343697048955213,0.5424278717362029,0.9365234375,1024,128,6.4,4.86,0.01,0.0,0.49091625184794097,0.5360630303850604,0.47343697048955213,0.5424278717362029,1024,673.4290537461638,514.100793409563,0.09834854304790497,1.5618138313293457,1024,148.56312579102814,31.013452788994734,0.021436043083667755,0.5277690887451172,0,0,0,0,0,0,0,0,0,0,0,0,0,0,0,0,0,0,1,10,66,346,483,118,0,0,0,0,0,0,0,0,0,0,0,0,0,0,0,0,0,0,0,0,0,0,0,17,145,272,284,236,70,0,0,0,0,0,0,0,0,0,2048.0,1024,0.47343697048955213,0.5424278717362029,2048.0,1024,0.47343697048955213,0.5424278717362029,2048.0,1024,0.47343697048955213,0.5424278717362029
H16_phimid_rholow_s11,eo:model-step=010400-wql=0.2141-mase=0.9670-composite=0.5152,0.481487005532092,0.5341932559603275,0.9501953125,1024,128,6.5,4.93,0.01,0.0,0.5141177417632992,0.551176010347924,0.481487005532092,0.5341932559603275,1024,666.6813834272325,505.11774410724774,0.047966983169317245,1.4707212448120117,1024,148.4588170889765,29.989979574309743,0.018208740279078484,0.5265223979949951,0,0,0,0,0,0,0,0,0,0,0,0,0,0,0,0,0,1,4,12,75,341,473,118,0,0,0,0,0,0,0,0,0,0,0,0,0,0,0,0,0,0,0,0,0,0,0,11,112,286,322,232,61,0,0,0,0,0,0,0,0,0,2048.0,1024,0.481487005532092,0.5341932559603275,2048.0,1024,0.481487005532092,0.5341932559603275,2048.0,1024,0.481487005532092,0.5341932559603275
H16_phimid_rholow_s12,eo:model-step=010400-wql=0.2141-mase=0.9670-composite=0.5152,0.46614548165180447,0.5421740750724289,0.9384765625,1024,128,8.0,6.28,0.01,0.0,0.48771511477327406,0.5486586519044152,0.46614548165180447,0.5421740750724289,1024,673.4137638136744,513.3075017691574,0.06309082359075546,1.4370578527450562,1024,152.45421903580427,32.138824907115165,0.021464314311742783,0.538512647151947,0,0,0,0,0,0,0,0,0,0,0,0,0,0,0,0,0,0,2,11,57,346,487,121,0,0,0,0,0,0,0,0,0,0,0,0,0,0,0,0,0,0,0,0,0,0,0,12,123,272,302,240,75,0,0,0,0,0,0,0,0,0,2048.0,1024,0.46614548165180447,0.5421740750724289,2048.0,1024,0.46614548165180447,0.5421740750724289,2048.0,1024,0.46614548165180447,0.5421740750724289
H16_phimid_rholow_s13,eo:model-step=010400-wql=0.2141-mase=0.9670-composite=0.5152,0.46979299360148663,0.5343568871169371,0.9443359375,1024,128,6.3,4.73,0.01,0.0,0.48945426811516457,0.5355773322407802,0.46979299360148663,0.5343568871169371,1024,670.3418512195349,503.5747227344292,0.07973790913820267,1.4694408178329468,1024,145.70210564509034,30.04244644223905,0.02381039783358574,0.5587539076805115,0,0,0,0,0,0,0,0,0,0,0,0,0,0,0,0,0,0,1,6,71,328,520,98,0,0,0,0,0,0,0,0,0,0,0,0,0,0,0,0,0,0,0,0,0,0,0,12,131,298,302,209,72,0,0,0,0,0,0,0,0,0,2048.0,1024,0.46979299360148663,0.5343568871169371,2048.0,1024,0.46979299360148663,0.5343568871169371,2048.0,1024,0.46979299360148663,0.5343568871169371
H16_phimid_rholow_s14,eo:model-step=010400-wql=0.2141-mase=0.9670-composite=0.5152,0.4662269207335521,0.5446928993533748,0.9345703125,1024,128,6.4,4.76,0.01,0.0,0.4909533689398152,0.5475159523320531,0.4662269207335521,0.5446928993533748,1024,678.4648963138461,518.0918174004285,0.06820659339427948,1.4066638946533203,1024,149.45035736821592,30.932491228128676,0.01985808089375496,0.5784546136856079,0,0,0,0,0,0,0,0,0,0,0,0,0,0,0,0,0,0,3,11,62,321,500,127,0,0,0,0,0,0,0,0,0,0,0,0,0,0,0,0,0,0,0,0,0,0,0,9,113,305,296,229,71,1,0,0,0,0,0,0,0,0,2048.0,1024,0.4662269207335521,0.5446928993533748,2048.0,1024,0.4662269207335521,0.5446928993533748,2048.0,1024,0.4662269207335521,0.5446928993533748
H16_phimid_rholow_s15,eo:model-step=010400-wql=0.2141-mase=0.9670-composite=0.5152,0.4703007829587226,0.5316686842399574,0.958984375,1024,128,6.5,4.86,0.01,0.0,0.4986027327310304,0.5420481752560802,0.4703007829587226,0.5316686842399574,1024,657.9957496039569,489.2658137448772,0.05899690464138985,1.4350615739822388,1024,149.55506040062755,30.81131851789234,0.015418433584272861,0.6449075937271118,0,0,0,0,0,0,0,0,0,0,0,0,0,0,0,0,0,0,3,10,59,385,458,109,0,0,0,0,0,0,0,0,0,0,0,0,0,0,0,0,0,0,0,0,0,0,1,14,115,273,317,245,57,2,0,0,0,0,0,0,0,0,2048.0,1024,0.4703007829587226,0.5316686842399574,2048.0,1024,0.4703007829587226,0.5316686842399574,2048.0,1024,0.4703007829587226,0.5316686842399574
H16_phimid_rhomid_s00,eo:model-step=010400-wql=0.2141-mase=0.9670-composite=0.5152,0.4713174860853617,0.5387398783480856,0.9384765625,1024,128,5.8,4.96,0.01,0.0,0.49574430462486074,0.5471878846742941,0.4713174860853617,0.5387398783480856,1024,675.7283846884966,515.38343867196,0.10701878368854523,1.4330143928527832,1024,147.80581007152796,30.06636167447132,0.01950114592909813,0.5610233545303345,0,0,0,0,0,0,0,0,0,0,0,0,0,0,0,0,0,0,0,6,76,330,486,126,0,0,0,0,0,0,0,0,0,0,0,0,0,0,0,0,0,0,0,0,0,0,0,18,120,281,305,234,66,0,0,0,0,0,0,0,0,0,2048.0,1024,0.4713174860853617,0.5387398783480856,2048.0,1024,0.4713174860853617,0.5387398783480856,2048.0,1024,0.4713174860853617,0.5387398783480856
H16_phimid_rhomid_s01,eo:model-step=010400-wql=0.2141-mase=0.9670-composite=0.5152,0.46831258943589094,0.5443061372866328,0.93359375,1024,128,7.5,6.38,0.01,0.0,0.4943160332101374,0.5485309446459252,0.46831258943589094,0.5443061372866328,1024,659.9933512881398,487.81626954361445,0.07733967900276184,1.405456304550171,1024,146.48778605274856,29.806200426670834,0.021849611774086952,0.5525705814361572,0,0,0,0,0,0,0,0,0,0,0,0,0,0,0,0,0,0,1,6,67,348,500,102,0,0,0,0,0,0,0,0,0,0,0,0,0,0,0,0,0,0,0,0,0,0,0,11,129,302,281,241,60,0,0,0,0,0,0,0,0,0,2048.0,1024,0.46831258943589094,0.5443061372866328,2048.0,1024,0.46831258943589094,0.5443061372866328,2048.0,1024,0.46831258943589094,0.5443061372866328
H16_phimid_rhomid_s02,eo:model-step=010400-wql=0.2141-mase=0.9670-composite=0.5152,0.4664109917392564,0.5349545897221574,0.9443359375,1024,128,6.6,4.73,0.01,0.0,0.4844196015818519,0.5375529738854727,0.4664109917392564,0.5349545897221574,1024,666.9131255894899,501.2174352778323,0.10705405473709106,1.6065466403961182,1024,149.8536317013204,30.51866028836942,0.023616522550582886,0.5715903639793396,0,0,0,0,0,0,0,0,0,0,0,0,0,0,0,0,0,0,0,13,56,344,506,105,0,0,0,0,0,0,0,0,0,0,0,0,0,0,0,0,0,0,0,0,0,0,0,7,124,269,324,232,67,1,0,0,0,0,0,0,0,0,2048.0,1024,0.4664109917392564,0.5349545897221574,2048.0,1024,0.4664109917392564,0.5349545897221574,2048.0,1024,0.4664109917392564,0.5349545897221574
H16_phimid_rhomid_s03,eo:model-step=010400-wql=0.2141-mase=0.9670-composite=0.5152,0.4623740839943,0.5242316621868769,0.9501953125,1024,128,6.2,4.74,0.01,0.0,0.4927055371971718,0.536917014545287,0.4623740839943,0.5242316621868769,1024,685.2537949085236,533.5542796674565,0.0399806946516037,1.391608476638794,1024,151.468374973163,30.994557467827846,0.02462334930896759,0.5523344278335571,0,0,0,0,0,0,0,0,0,0,0,0,0,0,0,0,0,1,0,5,71,342,461,144,0,0,0,0,0,0,0,0,0,0,0,0,0,0,0,0,0,0,0,0,0,0,0,8,102,274,336,240,64,0,0,0,0,0,0,0,0,0,2048.0,1024,0.4623740839943,0.5242316621868769,2048.0,1024,0.4623740839943,0.5242316621868769,2048.0,1024,0.4623740839943,0.5242316621868769
H16_phimid_rhomid_s04,eo:model-step=010400-wql=0.2141-mase=0.9670-composite=0.5152,0.4651807985682255,0.532427140459377,0.947265625,1024,128,6.3,4.83,0.01,0.0,0.4873840866685015,0.5410400680426268,0.4651807985682255,0.532427140459377,1024,680.8168258517981,519.1190276447161,0.08193086087703705,1.4883322715759277,1024,149.0812511742115,31.10729655478269,0.017660269513726234,0.5904275178909302,0,0,0,0,0,0,0,0,0,0,0,0,0,0,0,0,0,0,1,7,65,312,526,113,0,0,0,0,0,0,0,0,0,0,0,0,0,0,0,0,0,0,0,0,0,0,1,8,117,298,310,223,65,2,0,0,0,0,0,0,0,0,2048.0,1024,0.4651807985682255,0.532427140459377,2048.0,1024,0.4651807985682255,0.532427140459377,2048.0,1024,0.4651807985682255,0.532427140459377
H16_phimid_rhomid_s05,eo:model-step=010400-wql=0.2141-mase=0.9670-composite=0.5152,0.4666582561663089,0.5455671619558278,0.939453125,1024,128,6.2,5.02,0.01,0.0,0.48841666202470146,0.5481618648374595,0.4666582561663089,0.5455671619558278,1024,675.8086953312159,512.7960206637107,0.09996624290943146,1.3681470155715942,1024,149.80003077164292,31.045473133118634,0.020740799605846405,0.5425480008125305,0,0,0,0,0,0,0,0,0,0,0,0,0,0,0,0,0,0,1,9,61,341,497,115,0,0,0,0,0,0,0,0,0,0,0,0,0,0,0,0,0,0,0,0,0,0,0,12,114,304,289,233,72,0,0,0,0,0,0,0,0,0,2048.0,1024,0.4666582561663089,0.5455671619558278,2048.0,1024,0.4666582561663089,0.5455671619558278,2048.0,1024,0.4666582561663089,0.5455671619558278
H16_phimid_rhomid_s06,eo:model-step=010400-wql=0.2141-mase=0.9670-composite=0.5152,0.47657574089920035,0.5356871437646438,0.93359375,1024,128,7.9,6.47,0.01,0.0,0.5062101067311098,0.5460914471490957,0.47657574089920035,0.5356871437646438,1024,660.2406314611435,494.5381479513634,0.11555342376232147,1.3620617389678955,1024,151.27535304240882,31.660161449956764,0.021176526322960854,0.5813754796981812,0,0,0,0,0,0,0,0,0,0,0,0,0,0,0,0,0,0,0,7,84,345,475,113,0,0,0,0,0,0,0,0,0,0,0,0,0,0,0,0,0,0,0,0,0,0,0,10,113,286,304,248,61,2,0,0,0,0,0,0,0,0,2048.0,1024,0.47657574089920035,0.5356871437646438,2048.0,1024,0.47657574089920035,0.5356871437646438,2048.0,1024,0.47657574089920035,0.5356871437646438
H16_phimid_rhomid_s07,eo:model-step=010400-wql=0.2141-mase=0.9670-composite=0.5152,0.47449457300990705,0.5479031612163572,0.9375,1024,128,6.0,4.77,0.01,0.0,0.4994119660283357,0.5505439839796317,0.47449457300990705,0.5479031612163572,1024,683.80934420228,526.7587618111487,0.09233169257640839,1.4186220169067383,1024,147.8081126343459,30.47271120703071,0.019393861293792725,0.6175286769866943,0,0,0,0,0,0,0,0,0,0,0,0,0,0,0,0,0,0,4,3,63,325,498,131,0,0,0,0,0,0,0,0,0,0,0,0,0,0,0,0,0,0,0,0,0,0,0,6,142,277,300,232,65,2,0,0,0,0,0,0,0,0,2048.0,1024,0.47449457300990705,0.5479031612163572,2048.0,1024,0.47449457300990705,0.5479031612163572,2048.0,1024,0.47449457300990705,0.5479031612163572
H16_phimid_rhomid_s08,eo:model-step=010400-wql=0.2141-mase=0.9670-composite=0.5152,0.47462252091099955,0.5420417854957016,0.9482421875,1024,128,5.9,4.69,0.01,0.0,0.5041987404572431,0.5544572952683827,0.47462252091099955,0.5420417854957016,1024,666.7173161134124,500.3383799720026,0.09100665897130966,1.419228196144104,1024,146.92445452325046,30.065821634373947,0.017730314284563065,0.6017694473266602,0,0,0,0,0,0,0,0,0,0,0,0,0,0,0,0,0,0,1,9,63,348,488,115,0,0,0,0,0,0,0,0,0,0,0,0,0,0,0,0,0,0,0,0,0,0,1,12,126,282,318,214,67,4,0,0,0,0,0,0,0,0,2048.0,1024,0.47462252091099955,0.5420417854957016,2048.0,1024,0.47462252091099955,0.5420417854957016,2048.0,1024,0.47462252091099955,0.5420417854957016
H16_phimid_rhomid_s09,eo:model-step=010400-wql=0.2141-mase=0.9670-composite=0.5152,0.4598787419014846,0.5248408696537075,0.9501953125,1024,128,5.9,4.75,0.01,0.0,0.47816114912604646,0.5284217586052764,0.4598787419014846,0.5248408696537075,1024,671.6793009489775,508.072153741526,0.12482917308807373,1.495305061340332,1024,144.40183582529426,28.916577974617464,0.022930260747671127,0.49895209074020386,0,0,0,0,0,0,0,0,0,0,0,0,0,0,0,0,0,0,0,12,54,350,484,124,0,0,0,0,0,0,0,0,0,0,0,0,0,0,0,0,0,0,0,0,0,0,0,14,138,284,305,223,60,0,0,0,0,0,0,0,0,0,2048.0,1024,0.4598787419014846,0.5248408696537075,2048.0,1024,0.4598787419014846,0.5248408696537075,2048.0,1024,0.4598787419014846,0.5248408696537075
H16_phimid_rhomid_s10,eo:model-step=010400-wql=0.2141-mase=0.9670-composite=0.5152,0.4753640594231945,0.5460878174584003,0.9404296875,1024,128,6.2,4.89,0.01,0.0,0.4946518147857522,0.5428996872427,0.4753640594231945,0.5460878174584003,1024,674.2086443305016,514.194308383305,0.10097029060125351,1.5410878658294678,1024,149.2195371184498,30.833502536628256,0.022162478417158127,0.4993509352207184,0,0,0,0,0,0,0,0,0,0,0,0,0,0,0,0,0,0,0,13,65,332,496,118,0,0,0,0,0,0,0,0,0,0,0,0,0,0,0,0,0,0,0,0,0,0,0,14,120,297,282,243,68,0,0,0,0,0,0,0,0,0,2048.0,1024,0.4753640594231945,0.5460878174584003,2048.0,1024,0.4753640594231945,0.5460878174584003,2048.0,1024,0.4753640594231945,0.5460878174584003
H16_phimid_rhomid_s11,eo:model-step=010400-wql=0.2141-mase=0.9670-composite=0.5152,0.48238530068436264,0.5362280081273756,0.9404296875,1024,128,7.9,5.12,0.01,0.0,0.5179837877932127,0.5561592000969149,0.48238530068436264,0.5362280081273756,1024,668.2549386769533,507.359324109065,0.051309749484062195,1.4700391292572021,1024,146.7800050061196,29.90360235857935,0.023223770782351494,0.52596116065979,0,0,0,0,0,0,0,0,0,0,0,0,0,0,0,0,0,1,2,12,81,326,491,111,0,0,0,0,0,0,0,0,0,0,0,0,0,0,0,0,0,0,0,0,0,0,0,6,132,303,294,223,66,0,0,0,0,0,0,0,0,0,2048.0,1024,0.48238530068436264,0.5362280081273756,2048.0,1024,0.48238530068436264,0.5362280081273756,2048.0,1024,0.48238530068436264,0.5362280081273756
H16_phimid_rhomid_s12,eo:model-step=010400-wql=0.2141-mase=0.9670-composite=0.5152,0.4720553295114618,0.5439453340991842,0.93359375,1024,128,6.1,4.88,0.01,0.0,0.49016851477360335,0.5434636545747988,0.4720553295114618,0.5439453340991842,1024,667.0003562271595,507.08250296266607,0.059073105454444885,1.4309903383255005,1024,148.5468486342579,30.626014618017358,0.01951448619365692,0.5439031720161438,0,0,0,0,0,0,0,0,0,0,0,0,0,0,0,0,0,0,6,10,70,340,474,124,0,0,0,0,0,0,0,0,0,0,0,0,0,0,0,0,0,0,0,0,0,0,0,17,131,269,318,222,67,0,0,0,0,0,0,0,0,0,2048.0,1024,0.4720553295114618,0.5439453340991842,2048.0,1024,0.4720553295114618,0.5439453340991842,2048.0,1024,0.4720553295114618,0.5439453340991842
H16_phimid_rhomid_s13,eo:model-step=010400-wql=0.2141-mase=0.9670-composite=0.5152,0.47173597970299114,0.5361430595696774,0.9482421875,1024,128,6.0,4.83,0.01,0.0,0.4932248625845037,0.5404202307705839,0.47173597970299114,0.5361430595696774,1024,670.2966917194426,503.62279635701753,0.058123741298913956,1.4831342697143555,1024,146.368157338351,29.811613598897768,0.023431723937392235,0.499887615442276,0,0,0,0,0,0,0,0,0,0,0,0,0,0,0,0,0,0,2,5,67,327,519,104,0,0,0,0,0,0,0,0,0,0,0,0,0,0,0,0,0,0,0,0,0,0,0,11,137,285,297,226,68,0,0,0,0,0,0,0,0,0,2048.0,1024,0.47173597970299114,0.5361430595696774,2048.0,1024,0.47173597970299114,0.5361430595696774,2048.0,1024,0.47173597970299114,0.5361430595696774
H16_phimid_rhomid_s14,eo:model-step=010400-wql=0.2141-mase=0.9670-composite=0.5152,0.46753006037971095,0.5491594730075967,0.9345703125,1024,128,5.5,4.83,0.01,0.0,0.4947330602746761,0.5542614260982879,0.46753006037971095,0.5491594730075967,1024,675.8939296156168,512.1824773010346,0.07778039574623108,1.454487681388855,1024,150.4884377066046,31.394730675948715,0.01986386813223362,0.595289945602417,0,0,0,0,0,0,0,0,0,0,0,0,0,0,0,0,0,0,3,6,70,313,519,113,0,0,0,0,0,0,0,0,0,0,0,0,0,0,0,0,0,0,0,0,0,0,0,7,128,278,301,245,64,1,0,0,0,0,0,0,0,0,2048.0,1024,0.46753006037971095,0.5491594730075967,2048.0,1024,0.46753006037971095,0.5491594730075967,2048.0,1024,0.46753006037971095,0.5491594730075967
H16_phimid_rhomid_s15,eo:model-step=010400-wql=0.2141-mase=0.9670-composite=0.5152,0.46605605012710505,0.529294058499876,0.95703125,1024,128,6.4,4.83,0.01,0.0,0.49625327661007923,0.542323850406681,0.46605605012710505,0.529294058499876,1024,661.9266247153282,498.0983840994337,0.07629463821649551,1.485337734222412,1024,151.08416942693293,30.845624784944885,0.020028626546263695,0.6067008376121521,0,0,0,0,0,0,0,0,0,0,0,0,0,0,0,0,0,0,4,13,63,356,475,113,0,0,0,0,0,0,0,0,0,0,0,0,0,0,0,0,0,0,0,0,0,0,0,12,110,272,304,264,61,1,0,0,0,0,0,0,0,0,2048.0,1024,0.46605605012710505,0.529294058499876,2048.0,1024,0.46605605012710505,0.529294058499876,2048.0,1024,0.46605605012710505,0.529294058499876
